Series Name,Country Name,Country Code,2010 [YR2010],2011 [YR2011],2012 [YR2012],2013 [YR2013],2014 [YR2014],2015 [YR2015]
"Malnutrition prevalence, weight for age (% of children under 5)",Afghanistan,AFG,..,..,..,..,..,..
"Malnutrition prevalence, weight for age (% of children under 5)",Albania,ALB,..,..,..,..,..,..
"Malnutrition prevalence, weight for age (% of children under 5)",Algeria,DZA,..,..,3,..,..,..
"Malnutrition prevalence, weight for age (% of children under 5)",American Samoa,ASM,..,..,..,..,..,..
"Malnutrition prevalence, weight for age (% of children under 5)",Andorra,ADO,..,..,..,..,..,..
"Malnutrition prevalence, weight for age (% of children under 5)",Angola,AGO,..,..,..,..,..,..
"Malnutrition prevalence, weight for age (% of children under 5)",Antigua and Barbuda,ATG,..,..,..,..,..,..
"Malnutrition prevalence, weight for age (% of children under 5)",Arab World,ARB,..,..,..,..,..,..
"Malnutrition prevalence, weight for age (% of children under 5)",Argentina,ARG,..,..,..,..,..,..
"Malnutrition prevalence, weight for age (% of children under 5)",Armenia,ARM,5.300000191,..,..,..,..,..
"Malnutrition prevalence, weight for age (% of children under 5)",Aruba,ABW,..,..,..,..,..,..
"Malnutrition prevalence, weight for age (% of children under 5)",Australia,AUS,..,..,..,..,..,..
"Malnutrition prevalence, weight for age (% of children under 5)",Austria,AUT,..,..,..,..,..,..
"Malnutrition prevalence, weight for age (% of children under 5)",Azerbaijan,AZE,..,..,..,4.900000095,..,..
"Malnutrition prevalence, weight for age (% of children under 5)","Bahamas, The",BHS,..,..,..,..,..,..
"Malnutrition prevalence, weight for age (% of children under 5)",Bahrain,BHR,..,..,..,..,..,..
"Malnutrition prevalence, weight for age (% of children under 5)",Bangladesh,BGD,..,36.79999924,..,35.09999847,32.59999847,..
"Malnutrition prevalence, weight for age (% of children under 5)",Barbados,BRB,..,..,3.5,3.5,..,..
"Malnutrition prevalence, weight for age (% of children under 5)",Belarus,BLR,..,..,..,..,..,..
"Malnutrition prevalence, weight for age (% of children under 5)",Belgium,BEL,..,..,..,..,..,..
"Malnutrition prevalence, weight for age (% of children under 5)",Belize,BLZ,..,6.199999809,..,..,..,..
"Malnutrition prevalence, weight for age (% of children under 5)",Benin,BEN,..,..,..,..,18,..
"Malnutrition prevalence, weight for age (% of children under 5)",Bermuda,BMU,..,..,..,..,..,..
"Malnutrition prevalence, weight for age (% of children under 5)",Bhutan,BTN,12.80000019,..,..,..,..,..
"Malnutrition prevalence, weight for age (% of children under 5)",Bolivia,BOL,..,..,..,..,..,..
"Malnutrition prevalence, weight for age (% of children under 5)",Bosnia and Herzegovina,BIH,..,..,1.5,..,..,..
"Malnutrition prevalence, weight for age (% of children under 5)",Botswana,BWA,..,..,..,..,..,..
"Malnutrition prevalence, weight for age (% of children under 5)",Brazil,BRA,..,..,..,..,..,..
"Malnutrition prevalence, weight for age (% of children under 5)",British Virgin Islands,VGB,..,..,..,..,..,..
"Malnutrition prevalence, weight for age (% of children under 5)",Brunei Darussalam,BRN,..,..,..,..,..,..
"Malnutrition prevalence, weight for age (% of children under 5)",Bulgaria,BGR,..,..,..,..,..,..
"Malnutrition prevalence, weight for age (% of children under 5)",Burkina Faso,BFA,26.20000076,..,..,..,..,..
"Malnutrition prevalence, weight for age (% of children under 5)",Burundi,BDI,29.10000038,..,..,..,..,..
"Malnutrition prevalence, weight for age (% of children under 5)",Cabo Verde,CPV,..,..,..,..,..,..
"Malnutrition prevalence, weight for age (% of children under 5)",Cambodia,KHM,29,..,..,..,23.89999962,..
"Malnutrition prevalence, weight for age (% of children under 5)",Cameroon,CMR,..,15.10000038,..,..,..,..
"Malnutrition prevalence, weight for age (% of children under 5)",Canada,CAN,..,..,..,..,..,..
"Malnutrition prevalence, weight for age (% of children under 5)",Caribbean small states,CSS,..,..,..,..,..,..
"Malnutrition prevalence, weight for age (% of children under 5)",Cayman Islands,CYM,..,..,..,..,..,..
"Malnutrition prevalence, weight for age (% of children under 5)",Central African Republic,CAF,23.5,..,..,..,..,..
"Malnutrition prevalence, weight for age (% of children under 5)",Central Europe and the Baltics,CEB,..,..,..,..,..,..
"Malnutrition prevalence, weight for age (% of children under 5)",Chad,TCD,30.29999924,..,..,..,..,..
"Malnutrition prevalence, weight for age (% of children under 5)",Channel Islands,CHI,..,..,..,..,..,..
"Malnutrition prevalence, weight for age (% of children under 5)",Chile,CHL,..,..,..,0.5,0.5,..
"Malnutrition prevalence, weight for age (% of children under 5)",China,CHN,3.400000095,..,..,..,..,..
"Malnutrition prevalence, weight for age (% of children under 5)",Colombia,COL,3.400000095,..,..,..,..,..
"Malnutrition prevalence, weight for age (% of children under 5)",Comoros,COM,..,..,16.89999962,..,..,..
"Malnutrition prevalence, weight for age (% of children under 5)","Congo, Dem. Rep.",ZAR,24.20000076,..,..,23.39999962,..,..
"Malnutrition prevalence, weight for age (% of children under 5)","Congo, Rep.",COG,..,11.80000019,..,..,..,..
"Malnutrition prevalence, weight for age (% of children under 5)",Costa Rica,CRI,..,..,..,..,..,..
"Malnutrition prevalence, weight for age (% of children under 5)",Cote d'Ivoire,CIV,..,..,15.69999981,..,..,..
"Malnutrition prevalence, weight for age (% of children under 5)",Croatia,HRV,..,..,..,..,..,..
"Malnutrition prevalence, weight for age (% of children under 5)",Cuba,CUB,..,..,..,..,..,..
"Malnutrition prevalence, weight for age (% of children under 5)",Curacao,CUW,..,..,..,..,..,..
"Malnutrition prevalence, weight for age (% of children under 5)",Cyprus,CYP,..,..,..,..,..,..
"Malnutrition prevalence, weight for age (% of children under 5)",Czech Republic,CZE,..,..,..,..,..,..
"Malnutrition prevalence, weight for age (% of children under 5)",Denmark,DNK,..,..,..,..,..,..
"Malnutrition prevalence, weight for age (% of children under 5)",Djibouti,DJI,..,..,29.79999924,..,..,..
"Malnutrition prevalence, weight for age (% of children under 5)",Dominica,DMA,..,..,..,..,..,..
"Malnutrition prevalence, weight for age (% of children under 5)",Dominican Republic,DOM,..,..,..,4,..,..
"Malnutrition prevalence, weight for age (% of children under 5)",Early-demographic dividend,EAR,..,..,..,..,..,..
"Malnutrition prevalence, weight for age (% of children under 5)",East Asia & Pacific,EAS,..,..,..,..,..,..
"Malnutrition prevalence, weight for age (% of children under 5)",East Asia & Pacific (excluding high income),EAP,6.388102,..,..,..,4.994418,..
"Malnutrition prevalence, weight for age (% of children under 5)",East Asia & Pacific (IDA & IBRD countries),TEA,..,..,..,..,..,..
"Malnutrition prevalence, weight for age (% of children under 5)",Ecuador,ECU,..,..,6.400000095,..,..,..
"Malnutrition prevalence, weight for age (% of children under 5)","Egypt, Arab Rep.",EGY,..,..,..,..,7,..
"Malnutrition prevalence, weight for age (% of children under 5)",El Salvador,SLV,..,..,..,..,..,..
"Malnutrition prevalence, weight for age (% of children under 5)",Equatorial Guinea,GNQ,5.599999905,..,..,..,..,..
"Malnutrition prevalence, weight for age (% of children under 5)",Eritrea,ERI,38.79999924,..,..,..,..,..
"Malnutrition prevalence, weight for age (% of children under 5)",Estonia,EST,..,..,..,..,..,..
"Malnutrition prevalence, weight for age (% of children under 5)",Ethiopia,ETH,..,29.20000076,..,..,25.20000076,..
"Malnutrition prevalence, weight for age (% of children under 5)",Euro area,EMU,..,..,..,..,..,..
"Malnutrition prevalence, weight for age (% of children under 5)",Europe & Central Asia,ECS,..,..,..,..,..,..
"Malnutrition prevalence, weight for age (% of children under 5)",Europe & Central Asia (excluding high income),ECA,2.326539,..,..,..,1.674524,..
"Malnutrition prevalence, weight for age (% of children under 5)",Europe & Central Asia (IDA & IBRD countries),TEC,..,..,..,..,..,..
"Malnutrition prevalence, weight for age (% of children under 5)",European Union,EUU,..,..,..,..,..,..
"Malnutrition prevalence, weight for age (% of children under 5)",Faroe Islands,FRO,..,..,..,..,..,..
"Malnutrition prevalence, weight for age (% of children under 5)",Fiji,FJI,..,..,..,..,..,..
"Malnutrition prevalence, weight for age (% of children under 5)",Finland,FIN,..,..,..,..,..,..
"Malnutrition prevalence, weight for age (% of children under 5)",Fragile and conflict affected situations,FCS,21.46224,..,..,..,20.651,..
"Malnutrition prevalence, weight for age (% of children under 5)",France,FRA,..,..,..,..,..,..
"Malnutrition prevalence, weight for age (% of children under 5)",French Polynesia,PYF,..,..,..,..,..,..
"Malnutrition prevalence, weight for age (% of children under 5)",Gabon,GAB,..,..,6.5,..,..,..
"Malnutrition prevalence, weight for age (% of children under 5)","Gambia, The",GMB,17.39999962,..,..,16.39999962,..,..
"Malnutrition prevalence, weight for age (% of children under 5)",Georgia,GEO,..,..,..,..,..,..
"Malnutrition prevalence, weight for age (% of children under 5)",Germany,DEU,..,..,..,..,..,..
"Malnutrition prevalence, weight for age (% of children under 5)",Ghana,GHA,..,13.39999962,..,..,11,..
"Malnutrition prevalence, weight for age (% of children under 5)",Gibraltar,GIB,..,..,..,..,..,..
"Malnutrition prevalence, weight for age (% of children under 5)",Greece,GRC,..,..,..,..,..,..
"Malnutrition prevalence, weight for age (% of children under 5)",Greenland,GRL,..,..,..,..,..,..
"Malnutrition prevalence, weight for age (% of children under 5)",Grenada,GRD,..,..,..,..,..,..
"Malnutrition prevalence, weight for age (% of children under 5)",Guam,GUM,..,..,..,..,..,..
"Malnutrition prevalence, weight for age (% of children under 5)",Guatemala,GTM,..,..,..,..,..,..
"Malnutrition prevalence, weight for age (% of children under 5)",Guinea,GIN,..,..,16.29999924,..,..,..
"Malnutrition prevalence, weight for age (% of children under 5)",Guinea-Bissau,GNB,18.10000038,..,..,..,17,..
"Malnutrition prevalence, weight for age (% of children under 5)",Guyana,GUY,..,..,..,..,8.5,..
"Malnutrition prevalence, weight for age (% of children under 5)",Haiti,HTI,..,..,11.60000038,..,..,..
"Malnutrition prevalence, weight for age (% of children under 5)",Heavily indebted poor countries (HIPC),HPC,..,..,..,..,..,..
"Malnutrition prevalence, weight for age (% of children under 5)",High income,HIC,1.18373817,..,..,..,1.07819762,..
"Malnutrition prevalence, weight for age (% of children under 5)",Honduras,HND,..,..,7.099999905,..,..,..
"Malnutrition prevalence, weight for age (% of children under 5)","Hong Kong SAR, China",HKG,..,..,..,..,..,..
"Malnutrition prevalence, weight for age (% of children under 5)",Hungary,HUN,..,..,..,..,..,..
"Malnutrition prevalence, weight for age (% of children under 5)",Iceland,ISL,..,..,..,..,..,..
"Malnutrition prevalence, weight for age (% of children under 5)",India,IND,..,..,..,..,..,..
"Malnutrition prevalence, weight for age (% of children under 5)",Indonesia,IDN,18.60000038,..,..,19.89999962,..,..
"Malnutrition prevalence, weight for age (% of children under 5)","Iran, Islamic Rep.",IRN,..,..,..,..,..,..
"Malnutrition prevalence, weight for age (% of children under 5)",Iraq,IRQ,..,8.5,..,..,..,..
"Malnutrition prevalence, weight for age (% of children under 5)",Ireland,IRL,..,..,..,..,..,..
"Malnutrition prevalence, weight for age (% of children under 5)",Isle of Man,IMY,..,..,..,..,..,..
"Malnutrition prevalence, weight for age (% of children under 5)",Israel,ISR,..,..,..,..,..,..
"Malnutrition prevalence, weight for age (% of children under 5)",Italy,ITA,..,..,..,..,..,..
"Malnutrition prevalence, weight for age (% of children under 5)",Jamaica,JAM,3.200000048,..,2.5,..,..,..
"Malnutrition prevalence, weight for age (% of children under 5)",Japan,JPN,3.400000095,..,..,..,..,..
"Malnutrition prevalence, weight for age (% of children under 5)",Jordan,JOR,..,..,3,..,..,..
"Malnutrition prevalence, weight for age (% of children under 5)",Kazakhstan,KAZ,3.700000048,..,..,..,..,..
"Malnutrition prevalence, weight for age (% of children under 5)",Kenya,KEN,..,..,..,..,11,..
"Malnutrition prevalence, weight for age (% of children under 5)",Kiribati,KIR,..,..,..,..,..,..
"Malnutrition prevalence, weight for age (% of children under 5)","Korea, Dem. People?s Rep.",PRK,..,..,15.19999981,..,..,..
"Malnutrition prevalence, weight for age (% of children under 5)","Korea, Rep.",KOR,0.600000024,..,..,..,..,..
"Malnutrition prevalence, weight for age (% of children under 5)",Kosovo,KSV,..,..,..,..,..,..
"Malnutrition prevalence, weight for age (% of children under 5)",Kuwait,KWT,1.700000048,2.099999905,2.200000048,3.099999905,3,..
"Malnutrition prevalence, weight for age (% of children under 5)",Kyrgyz Republic,KGZ,..,..,3.700000048,..,2.799999952,..
"Malnutrition prevalence, weight for age (% of children under 5)",Lao PDR,LAO,..,26.5,..,..,..,..
"Malnutrition prevalence, weight for age (% of children under 5)",Late-demographic dividend,LTE,..,..,..,..,..,..
"Malnutrition prevalence, weight for age (% of children under 5)",Latin America & Caribbean,LCN,..,..,..,..,..,..
"Malnutrition prevalence, weight for age (% of children under 5)",Latin America & Caribbean (excluding high income),LAC,3.26021,..,..,..,2.684888,..
"Malnutrition prevalence, weight for age (% of children under 5)",Latin America & the Caribbean (IDA & IBRD countries),TLA,..,..,..,..,..,..
"Malnutrition prevalence, weight for age (% of children under 5)",Latvia,LVA,..,..,..,..,..,..
"Malnutrition prevalence, weight for age (% of children under 5)",Least developed countries: UN classification,LDC,..,..,..,..,..,..
"Malnutrition prevalence, weight for age (% of children under 5)",Lebanon,LBN,..,..,..,..,..,..
"Malnutrition prevalence, weight for age (% of children under 5)",Lesotho,LSO,..,..,..,..,10.30000019,..
"Malnutrition prevalence, weight for age (% of children under 5)",Liberia,LBR,..,..,..,15.30000019,..,..
"Malnutrition prevalence, weight for age (% of children under 5)",Libya,LBY,..,..,..,..,..,..
"Malnutrition prevalence, weight for age (% of children under 5)",Liechtenstein,LIE,..,..,..,..,..,..
"Malnutrition prevalence, weight for age (% of children under 5)",Lithuania,LTU,..,..,..,..,..,..
"Malnutrition prevalence, weight for age (% of children under 5)",Low & middle income,LMY,18.1974095,..,..,..,16.20356835,..
"Malnutrition prevalence, weight for age (% of children under 5)",Low income,LIC,22.47309254,..,..,..,20.4374414,..
"Malnutrition prevalence, weight for age (% of children under 5)",Lower middle income,LMC,24.92669903,..,..,..,22.364105,..
"Malnutrition prevalence, weight for age (% of children under 5)",Luxembourg,LUX,..,..,..,..,..,..
"Malnutrition prevalence, weight for age (% of children under 5)","Macao SAR, China",MAC,..,..,..,..,..,..
"Malnutrition prevalence, weight for age (% of children under 5)","Macedonia, FYR",MKD,..,1.299999952,..,..,..,..
"Malnutrition prevalence, weight for age (% of children under 5)",Madagascar,MDG,..,..,..,..,..,..
"Malnutrition prevalence, weight for age (% of children under 5)",Malawi,MWI,13.80000019,..,..,..,16.70000076,..
"Malnutrition prevalence, weight for age (% of children under 5)",Malaysia,MYS,..,..,..,..,..,..
"Malnutrition prevalence, weight for age (% of children under 5)",Maldives,MDV,..,..,..,..,..,..
"Malnutrition prevalence, weight for age (% of children under 5)",Mali,MLI,..,..,..,..,..,..
"Malnutrition prevalence, weight for age (% of children under 5)",Malta,MLT,..,..,..,..,..,..
"Malnutrition prevalence, weight for age (% of children under 5)",Marshall Islands,MHL,..,..,..,..,..,..
"Malnutrition prevalence, weight for age (% of children under 5)",Mauritania,MRT,..,24.39999962,19.5,..,..,..
"Malnutrition prevalence, weight for age (% of children under 5)",Mauritius,MUS,..,..,..,..,..,..
"Malnutrition prevalence, weight for age (% of children under 5)",Mexico,MEX,..,..,2.799999952,..,..,..
"Malnutrition prevalence, weight for age (% of children under 5)","Micronesia, Fed. Sts.",FSM,..,..,..,..,..,..
"Malnutrition prevalence, weight for age (% of children under 5)",Middle East & North Africa,MEA,..,..,..,..,..,..
"Malnutrition prevalence, weight for age (% of children under 5)",Middle East & North Africa (excluding high income),MNA,6.551399,..,..,..,5.79197,..
"Malnutrition prevalence, weight for age (% of children under 5)",Middle East & North Africa (IDA & IBRD countries),TMN,..,..,..,..,..,..
"Malnutrition prevalence, weight for age (% of children under 5)",Middle income,MIC,17.3562068,..,..,..,15.33372856,..
"Malnutrition prevalence, weight for age (% of children under 5)",Moldova,MDA,..,..,2.200000048,..,..,..
"Malnutrition prevalence, weight for age (% of children under 5)",Monaco,MCO,..,..,..,..,..,..
"Malnutrition prevalence, weight for age (% of children under 5)",Mongolia,MNG,4.699999809,..,..,1.600000024,..,..
"Malnutrition prevalence, weight for age (% of children under 5)",Montenegro,MNE,..,..,..,1,..,..
"Malnutrition prevalence, weight for age (% of children under 5)",Morocco,MAR,..,3.099999905,..,..,..,..
"Malnutrition prevalence, weight for age (% of children under 5)",Mozambique,MOZ,..,15.60000038,..,..,..,..
"Malnutrition prevalence, weight for age (% of children under 5)",Myanmar,MMR,..,..,..,..,..,..
"Malnutrition prevalence, weight for age (% of children under 5)",Namibia,NAM,..,..,..,13.19999981,..,..
"Malnutrition prevalence, weight for age (% of children under 5)",Nauru,NRU,..,..,..,..,..,..
"Malnutrition prevalence, weight for age (% of children under 5)",Nepal,NPL,..,29.10000038,..,..,..,..
"Malnutrition prevalence, weight for age (% of children under 5)",Netherlands,NLD,..,..,..,..,..,..
"Malnutrition prevalence, weight for age (% of children under 5)",New Caledonia,NCL,..,..,..,..,..,..
"Malnutrition prevalence, weight for age (% of children under 5)",New Zealand,NZL,..,..,..,..,..,..
"Malnutrition prevalence, weight for age (% of children under 5)",Nicaragua,NIC,..,..,..,..,..,..
"Malnutrition prevalence, weight for age (% of children under 5)",Niger,NER,..,..,37.90000153,..,..,..
"Malnutrition prevalence, weight for age (% of children under 5)",Nigeria,NGA,..,24.39999962,..,31,19.79999924,..
"Malnutrition prevalence, weight for age (% of children under 5)",North America,NAC,..,..,..,..,..,..
"Malnutrition prevalence, weight for age (% of children under 5)",Northern Mariana Islands,MNP,..,..,..,..,..,..
"Malnutrition prevalence, weight for age (% of children under 5)",Norway,NOR,..,..,..,..,..,..
"Malnutrition prevalence, weight for age (% of children under 5)",OECD members,OED,..,..,..,..,..,..
"Malnutrition prevalence, weight for age (% of children under 5)",Oman,OMN,..,..,..,..,..,..
"Malnutrition prevalence, weight for age (% of children under 5)",Other small states,OSS,..,..,..,..,..,..
"Malnutrition prevalence, weight for age (% of children under 5)",Pacific island small states,PSS,..,..,..,..,..,..
"Malnutrition prevalence, weight for age (% of children under 5)",Pakistan,PAK,..,30.89999962,31.60000038,..,..,..
"Malnutrition prevalence, weight for age (% of children under 5)",Palau,PLW,..,..,..,..,..,..
"Malnutrition prevalence, weight for age (% of children under 5)",Panama,PAN,..,..,..,..,..,..
"Malnutrition prevalence, weight for age (% of children under 5)",Papua New Guinea,PNG,..,27.89999962,..,..,..,..
"Malnutrition prevalence, weight for age (% of children under 5)",Paraguay,PRY,..,..,2.599999905,..,..,..
"Malnutrition prevalence, weight for age (% of children under 5)",Peru,PER,4.300000191,4.199999809,3.5,..,..,..
"Malnutrition prevalence, weight for age (% of children under 5)",Philippines,PHL,..,20.20000076,..,..,..,..
"Malnutrition prevalence, weight for age (% of children under 5)",Poland,POL,..,..,..,..,..,..
"Malnutrition prevalence, weight for age (% of children under 5)",Portugal,PRT,..,..,..,..,..,..
"Malnutrition prevalence, weight for age (% of children under 5)",Post-demographic dividend,PST,..,..,..,..,..,..
"Malnutrition prevalence, weight for age (% of children under 5)",Pre-demographic dividend,PRE,..,..,..,..,..,..
"Malnutrition prevalence, weight for age (% of children under 5)",Puerto Rico,PRI,..,..,..,..,..,..
"Malnutrition prevalence, weight for age (% of children under 5)",Qatar,QAT,..,..,..,..,..,..
"Malnutrition prevalence, weight for age (% of children under 5)",Romania,ROM,..,..,..,..,..,..
"Malnutrition prevalence, weight for age (% of children under 5)",Russian Federation,RUS,..,..,..,..,..,..
"Malnutrition prevalence, weight for age (% of children under 5)",Rwanda,RWA,11.69999981,..,..,..,..,..
"Malnutrition prevalence, weight for age (% of children under 5)",Samoa,WSM,..,..,..,..,..,..
"Malnutrition prevalence, weight for age (% of children under 5)",San Marino,SMR,..,..,..,..,..,..
"Malnutrition prevalence, weight for age (% of children under 5)",Sao Tome and Principe,STP,..,..,..,..,..,..
"Malnutrition prevalence, weight for age (% of children under 5)",Saudi Arabia,SAU,..,..,..,..,..,..
"Malnutrition prevalence, weight for age (% of children under 5)",Senegal,SEN,..,19.20000076,14.39999962,16.79999924,12.80000019,..
"Malnutrition prevalence, weight for age (% of children under 5)",Serbia,SRB,1.600000024,..,..,..,1.799999952,..
"Malnutrition prevalence, weight for age (% of children under 5)",Seychelles,SYC,..,..,3.599999905,..,..,..
"Malnutrition prevalence, weight for age (% of children under 5)",Sierra Leone,SLE,21.10000038,..,..,18.10000038,..,..
"Malnutrition prevalence, weight for age (% of children under 5)",Singapore,SGP,..,..,..,..,..,..
"Malnutrition prevalence, weight for age (% of children under 5)",Sint Maarten (Dutch part),SXM,..,..,..,..,..,..
"Malnutrition prevalence, weight for age (% of children under 5)",Slovak Republic,SVK,..,..,..,..,..,..
"Malnutrition prevalence, weight for age (% of children under 5)",Slovenia,SVN,..,..,..,..,..,..
"Malnutrition prevalence, weight for age (% of children under 5)",Small states,SST,..,..,..,..,..,..
"Malnutrition prevalence, weight for age (% of children under 5)",Solomon Islands,SLB,..,..,..,..,..,..
"Malnutrition prevalence, weight for age (% of children under 5)",Somalia,SOM,..,..,..,..,..,..
"Malnutrition prevalence, weight for age (% of children under 5)",South Africa,ZAF,..,..,..,..,..,..
"Malnutrition prevalence, weight for age (% of children under 5)",South Asia,SAS,33.23195,..,..,..,29.84144,..
"Malnutrition prevalence, weight for age (% of children under 5)",South Asia (IDA & IBRD),TSA,..,..,..,..,..,..
"Malnutrition prevalence, weight for age (% of children under 5)",South Sudan,SSD,27.60000038,..,..,..,..,..
"Malnutrition prevalence, weight for age (% of children under 5)",Spain,ESP,..,..,..,..,..,..
"Malnutrition prevalence, weight for age (% of children under 5)",Sri Lanka,LKA,..,..,26.29999924,..,..,..
"Malnutrition prevalence, weight for age (% of children under 5)",St. Kitts and Nevis,KNA,..,..,..,..,..,..
"Malnutrition prevalence, weight for age (% of children under 5)",St. Lucia,LCA,..,..,2.799999952,..,..,..
"Malnutrition prevalence, weight for age (% of children under 5)",St. Martin (French part),MAF,..,..,..,..,..,..
"Malnutrition prevalence, weight for age (% of children under 5)",St. Vincent and the Grenadines,VCT,..,..,..,..,..,..
"Malnutrition prevalence, weight for age (% of children under 5)",Sub-Saharan Africa,SSF,..,..,..,..,..,..
"Malnutrition prevalence, weight for age (% of children under 5)",Sub-Saharan Africa (excluding high income),SSA,21.14832,..,..,..,19.6282,..
"Malnutrition prevalence, weight for age (% of children under 5)",Sub-Saharan Africa (IDA & IBRD countries),TSS,..,..,..,..,..,..
"Malnutrition prevalence, weight for age (% of children under 5)",Sudan,SDN,..,..,..,..,33,..
"Malnutrition prevalence, weight for age (% of children under 5)",Suriname,SUR,5.800000191,..,..,..,..,..
"Malnutrition prevalence, weight for age (% of children under 5)",Swaziland,SWZ,5.800000191,..,..,..,..,..
"Malnutrition prevalence, weight for age (% of children under 5)",Sweden,SWE,..,..,..,..,..,..
"Malnutrition prevalence, weight for age (% of children under 5)",Switzerland,CHE,..,..,..,..,..,..
"Malnutrition prevalence, weight for age (% of children under 5)",Syrian Arab Republic,SYR,..,..,..,..,..,..
"Malnutrition prevalence, weight for age (% of children under 5)",Tajikistan,TJK,..,..,13.30000019,..,..,..
"Malnutrition prevalence, weight for age (% of children under 5)",Tanzania,TZA,16.20000076,13.60000038,..,..,..,..
"Malnutrition prevalence, weight for age (% of children under 5)",Thailand,THA,..,..,9.199999809,..,..,..
"Malnutrition prevalence, weight for age (% of children under 5)",Timor-Leste,TMP,..,..,..,..,..,..
"Malnutrition prevalence, weight for age (% of children under 5)",Togo,TGO,16.5,..,..,..,16.20000076,..
"Malnutrition prevalence, weight for age (% of children under 5)",Tonga,TON,..,..,1.899999976,..,..,..
"Malnutrition prevalence, weight for age (% of children under 5)",Trinidad and Tobago,TTO,..,..,..,..,..,..
"Malnutrition prevalence, weight for age (% of children under 5)",Tunisia,TUN,..,..,2.299999952,..,..,..
"Malnutrition prevalence, weight for age (% of children under 5)",Turkey,TUR,..,..,..,1.899999976,..,..
"Malnutrition prevalence, weight for age (% of children under 5)",Turkmenistan,TKM,..,..,..,..,..,..
"Malnutrition prevalence, weight for age (% of children under 5)",Turks and Caicos Islands,TCA,..,..,..,..,..,..
"Malnutrition prevalence, weight for age (% of children under 5)",Tuvalu,TUV,..,..,..,..,..,..
"Malnutrition prevalence, weight for age (% of children under 5)",Uganda,UGA,..,14.10000038,..,..,..,..
"Malnutrition prevalence, weight for age (% of children under 5)",Ukraine,UKR,..,..,..,..,..,..
"Malnutrition prevalence, weight for age (% of children under 5)",United Arab Emirates,ARE,..,..,..,..,..,..
"Malnutrition prevalence, weight for age (% of children under 5)",United Kingdom,GBR,..,..,..,..,..,..
"Malnutrition prevalence, weight for age (% of children under 5)",United States,USA,..,..,0.5,..,..,..
"Malnutrition prevalence, weight for age (% of children under 5)",Upper middle income,UMC,3.32605249,..,..,..,2.50285184,..
"Malnutrition prevalence, weight for age (% of children under 5)",Uruguay,URY,..,4.5,..,..,..,..
"Malnutrition prevalence, weight for age (% of children under 5)",Uzbekistan,UZB,..,..,..,..,..,..
"Malnutrition prevalence, weight for age (% of children under 5)",Vanuatu,VUT,..,..,..,10.69999981,..,..
"Malnutrition prevalence, weight for age (% of children under 5)","Venezuela, RB",VEN,..,..,..,..,..,..
"Malnutrition prevalence, weight for age (% of children under 5)",Vietnam,VNM,12,..,..,12.10000038,..,..
"Malnutrition prevalence, weight for age (% of children under 5)",Virgin Islands (U.S.),VIR,..,..,..,..,..,..
"Malnutrition prevalence, weight for age (% of children under 5)",West Bank and Gaza,WBG,3.700000048,..,..,..,1.399999976,..
"Malnutrition prevalence, weight for age (% of children under 5)",World,WLD,16.08690479,..,..,..,14.31794216,..
"Malnutrition prevalence, weight for age (% of children under 5)","Yemen, Rep.",YEM,..,35.5,..,39.90000153,..,..
"Malnutrition prevalence, weight for age (% of children under 5)",Zambia,ZMB,..,..,..,14.80000019,..,..
"Malnutrition prevalence, weight for age (% of children under 5)",Zimbabwe,ZWE,10.10000038,..,..,..,11.19999981,..
Number of infant deaths,Afghanistan,AFG,81775,78764,75586,72378,69579,67399
Number of infant deaths,Albania,ALB,483,490,513,540,561,564
Number of infant deaths,Algeria,DZA,21820,21805,21801,21619,21375,20899
Number of infant deaths,American Samoa,ASM,..,..,..,..,..,..
Number of infant deaths,Andorra,ADO,2,2,2,2,2,2
Number of infant deaths,Angola,AGO,108137,107441,106694,105861,105154,104291
Number of infant deaths,Antigua and Barbuda,ATG,11,11,10,9,9,9
Number of infant deaths,Arab World,ARB,..,..,..,..,..,..
Number of infant deaths,Argentina,ARG,9495,9315,9114,8931,8723,8464
Number of infant deaths,Armenia,ARM,749,696,649,598,556,513
Number of infant deaths,Aruba,ABW,..,..,..,..,..,..
Number of infant deaths,Australia,AUS,1276,1186,1110,1027,954,896
Number of infant deaths,Austria,AUT,278,264,260,257,244,239
Number of infant deaths,Azerbaijan,AZE,5597,5903,6282,6600,6706,6519
Number of infant deaths,"Bahamas, The",BHS,71,69,67,63,60,57
Number of infant deaths,Bahrain,BHR,129,131,131,127,123,115
Number of infant deaths,Bangladesh,BGD,123231,116322,110578,105556,101722,97478
Number of infant deaths,Barbados,BRB,45,44,43,43,42,41
Number of infant deaths,Belarus,BLR,519,492,478,471,442,428
Number of infant deaths,Belgium,BEL,477,462,457,437,432,417
Number of infant deaths,Belize,BLZ,120,120,120,121,121,120
Number of infant deaths,Benin,BEN,24776,24709,24587,24458,24258,24069
Number of infant deaths,Bermuda,BMU,..,..,..,..,..,..
Number of infant deaths,Bhutan,BTN,516,475,432,391,358,335
Number of infant deaths,Bolivia,BOL,9137,8731,8369,8039,7756,7504
Number of infant deaths,Bosnia and Herzegovina,BIH,276,267,241,208,182,159
Number of infant deaths,Botswana,BWA,2044,2115,2091,2049,2042,2007
Number of infant deaths,Brazil,BRA,42049,41324,42305,43966,45682,46995
Number of infant deaths,British Virgin Islands,VGB,..,..,..,..,..,..
Number of infant deaths,Brunei Darussalam,BRN,45,48,54,59,64,66
Number of infant deaths,Bulgaria,BGR,872,824,750,671,604,557
Number of infant deaths,Burkina Faso,BFA,44999,44017,43240,42548,42048,41810
Number of infant deaths,Burundi,BDI,26039,25932,25698,25435,25172,24956
Number of infant deaths,Cabo Verde,CPV,267,261,253,244,235,226
Number of infant deaths,Cambodia,KHM,13992,12731,11460,10360,9461,8759
Number of infant deaths,Cameroon,CMR,50648,49922,49046,48149,47365,46762
Number of infant deaths,Canada,CAN,1939,1852,1822,1743,1636,1587
Number of infant deaths,Caribbean small states,CSS,..,..,..,..,..,..
Number of infant deaths,Cayman Islands,CYM,..,..,..,..,..,..
Number of infant deaths,Central African Republic,CAF,14969,14936,14984,15125,15049,14981
Number of infant deaths,Central Europe and the Baltics,CEB,..,..,..,..,..,..
Number of infant deaths,Chad,TCD,50467,50650,50852,50995,51181,51335
Number of infant deaths,Channel Islands,CHI,..,..,..,..,..,..
Number of infant deaths,Chile,CHL,1815,1781,1749,1717,1687,1636
Number of infant deaths,China,CHN,216375,201706,188741,177504,166402,156450
Number of infant deaths,Colombia,COL,12208,11680,11232,10910,10595,10183
Number of infant deaths,Comoros,COM,1524,1506,1495,1478,1456,1433
Number of infant deaths,"Congo, Dem. Rep.",ZAR,237711,236512,235628,234375,234269,233339
Number of infant deaths,"Congo, Rep.",COG,6310,6065,5880,5714,5556,5426
Number of infant deaths,Costa Rica,CRI,678,665,650,622,597,577
Number of infant deaths,Cote d'Ivoire,CIV,56440,56258,55965,55681,55357,54998
Number of infant deaths,Croatia,HRV,229,212,192,174,152,135
Number of infant deaths,Cuba,CUB,584,571,547,524,486,469
Number of infant deaths,Curacao,CUW,..,..,..,..,..,..
Number of infant deaths,Cyprus,CYP,40,39,37,36,34,32
Number of infant deaths,Czech Republic,CZE,408,370,349,306,279,262
Number of infant deaths,Denmark,DNK,219,204,192,173,158,150
Number of infant deaths,Djibouti,DJI,1314,1281,1259,1242,1220,1190
Number of infant deaths,Dominica,DMA,18,19,20,21,21,21
Number of infant deaths,Dominican Republic,DOM,6047,5947,5865,5792,5690,5572
Number of infant deaths,Early-demographic dividend,EAR,..,..,..,..,..,..
Number of infant deaths,East Asia & Pacific,EAS,..,..,..,..,..,..
Number of infant deaths,East Asia & Pacific (excluding high income),EAP,536456,514646,497039,481778,465786,447554
Number of infant deaths,East Asia & Pacific (IDA & IBRD countries),TEA,..,..,..,..,..,..
Number of infant deaths,Ecuador,ECU,7085,6908,6693,6455,6251,6027
Number of infant deaths,"Egypt, Arab Rep.",EGY,49304,51014,53816,56424,57588,56914
Number of infant deaths,El Salvador,SLV,1961,1863,1770,1665,1580,1509
Number of infant deaths,Equatorial Guinea,GNQ,2055,2038,2013,1989,1968,1940
Number of infant deaths,Eritrea,ERI,6619,6398,6161,5960,5781,5652
Number of infant deaths,Estonia,EST,59,50,42,36,32,28
Number of infant deaths,Ethiopia,ETH,149585,143719,139264,136073,133012,129947
Number of infant deaths,Euro area,EMU,..,..,..,..,..,..
Number of infant deaths,Europe & Central Asia,ECS,..,..,..,..,..,..
Number of infant deaths,Europe & Central Asia (excluding high income),ECA,93612,91150,88559,85660,82196,78201
Number of infant deaths,Europe & Central Asia (IDA & IBRD countries),TEC,..,..,..,..,..,..
Number of infant deaths,European Union,EUU,..,..,..,..,..,..
Number of infant deaths,Faroe Islands,FRO,..,..,..,..,..,..
Number of infant deaths,Fiji,FJI,390,380,370,355,340,328
Number of infant deaths,Finland,FIN,156,148,134,125,117,110
Number of infant deaths,Fragile and conflict affected situations,FCS,..,..,..,..,..,..
Number of infant deaths,France,FRA,2745,2747,2749,2830,2829,2747
Number of infant deaths,French Polynesia,PYF,..,..,..,..,..,..
Number of infant deaths,Gabon,GAB,2032,2004,1965,1912,1885,1852
Number of infant deaths,"Gambia, The",GMB,3674,3730,3790,3855,3901,3938
Number of infant deaths,Georgia,GEO,939,863,789,723,662,601
Number of infant deaths,Germany,DEU,2313,2265,2219,2240,2191,2140
Number of infant deaths,Ghana,GHA,39436,39300,39253,39186,38970,38211
Number of infant deaths,Gibraltar,GIB,..,..,..,..,..,..
Number of infant deaths,Greece,GRC,469,459,446,430,408,382
Number of infant deaths,Greenland,GRL,..,..,..,..,..,..
Number of infant deaths,Grenada,GRD,26,25,25,24,23,21
Number of infant deaths,Guam,GUM,..,..,..,..,..,..
Number of infant deaths,Guatemala,GTM,11684,11460,11281,11200,11040,10818
Number of infant deaths,Guinea,GIN,29265,28901,28648,28366,28094,27757
Number of infant deaths,Guinea-Bissau,GNB,4352,4239,4142,4059,3977,3898
Number of infant deaths,Guyana,GUY,364,390,433,484,525,545
Number of infant deaths,Haiti,HTI,23398,15350,14856,14312,13827,13407
Number of infant deaths,Heavily indebted poor countries (HIPC),HPC,..,..,..,..,..,..
Number of infant deaths,High income,HIC,106356,103043,100590,97345,94051,91206
Number of infant deaths,Honduras,HND,3633,3433,3247,3084,2943,2832
Number of infant deaths,"Hong Kong SAR, China",HKG,..,..,..,..,..,..
Number of infant deaths,Hungary,HUN,561,527,502,486,466,461
Number of infant deaths,Iceland,ISL,10,9,8,7,7,7
Number of infant deaths,India,IND,1225179,1159876,1096146,1036927,985575,946304
Number of infant deaths,Indonesia,IDN,127011,126602,127626,128757,128419,125168
Number of infant deaths,"Iran, Islamic Rep.",IRN,23065,22234,21347,20298,19143,18067
Number of infant deaths,Iraq,IRQ,33135,33197,33233,32905,32607,32258
Number of infant deaths,Ireland,IRL,265,257,252,230,215,201
Number of infant deaths,Isle of Man,IMY,..,..,..,..,..,..
Number of infant deaths,Israel,ISR,574,564,567,567,577,561
Number of infant deaths,Italy,ITA,1892,1786,1670,1555,1455,1378
Number of infant deaths,Jamaica,JAM,725,686,642,595,555,539
Number of infant deaths,Japan,JPN,2596,2481,2361,2237,2218,2093
Number of infant deaths,Jordan,JOR,3261,3302,3323,3312,3257,3176
Number of infant deaths,Kazakhstan,KAZ,7220,6729,6291,5816,5375,4935
Number of infant deaths,Kenya,KEN,60817,58415,57449,56296,54806,53749
Number of infant deaths,Kiribati,KIR,173,171,161,146,132,123
Number of infant deaths,"Korea, Dem. People?s Rep.",PRK,8283,8037,7886,7814,7685,7440
Number of infant deaths,"Korea, Rep.",KOR,1753,1679,1599,1519,1396,1329
Number of infant deaths,Kosovo,KSV,..,..,..,..,..,..
Number of infant deaths,Kuwait,KWT,672,665,632,588,544,507
Number of infant deaths,Kyrgyz Republic,KGZ,3807,3762,3715,3635,3494,3286
Number of infant deaths,Lao PDR,LAO,10840,10457,10009,9517,9111,8751
Number of infant deaths,Late-demographic dividend,LTE,..,..,..,..,..,..
Number of infant deaths,Latin America & Caribbean,LCN,..,..,..,..,..,..
Number of infant deaths,Latin America & Caribbean (excluding high income),LAC,170869,158369,155060,152828,150706,148085
Number of infant deaths,Latin America & the Caribbean (IDA & IBRD countries),TLA,..,..,..,..,..,..
Number of infant deaths,Latvia,LVA,180,160,143,128,116,109
Number of infant deaths,Least developed countries: UN classification,LDC,..,..,..,..,..,..
Number of infant deaths,Lebanon,LBN,427,472,550,642,705,726
Number of infant deaths,Lesotho,LSO,4269,4179,4313,4385,4366,4317
Number of infant deaths,Liberia,LBR,9298,9015,8723,8423,8167,7974
Number of infant deaths,Libya,LBY,2070,1994,1797,1659,1528,1418
Number of infant deaths,Liechtenstein,LIE,..,..,..,..,..,..
Number of infant deaths,Lithuania,LTU,183,165,150,133,119,107
Number of infant deaths,Low & middle income,LMY,5006828,4853223,4714164,4588815,4467823,4359129
Number of infant deaths,Low income,LIC,1293803,1256461,1226052,1206571,1187117,1172758
Number of infant deaths,Lower middle income,LMC,3069891,2977653,2889574,2804261,2722313,2647042
Number of infant deaths,Luxembourg,LUX,11,11,10,10,10,10
Number of infant deaths,"Macao SAR, China",MAC,..,..,..,..,..,..
Number of infant deaths,"Macedonia, FYR",MKD,187,164,147,136,127,119
Number of infant deaths,Madagascar,MDG,30814,30388,30097,29858,29665,29429
Number of infant deaths,Malawi,MWI,34380,32561,30601,29002,27902,27260
Number of infant deaths,Malaysia,MYS,2911,2985,3125,3237,3310,3308
Number of infant deaths,Maldives,MDV,81,75,70,65,61,58
Number of infant deaths,Mali,MLI,56161,55775,55217,54679,54096,53880
Number of infant deaths,Malta,MLT,22,22,21,20,19,19
Number of infant deaths,Marshall Islands,MHL,50,49,47,45,43,40
Number of infant deaths,Mauritania,MRT,8596,8604,8581,8579,8546,8523
Number of infant deaths,Mauritius,MUS,189,179,174,173,171,167
Number of infant deaths,Mexico,MEX,33891,32579,31044,29719,28319,26820
Number of infant deaths,"Micronesia, Fed. Sts.",FSM,81,78,76,74,72,71
Number of infant deaths,Middle East & North Africa,MEA,..,..,..,..,..,..
Number of infant deaths,Middle East & North Africa (excluding high income),MNA,200422,199137,198789,197442,194426,189425
Number of infant deaths,Middle East & North Africa (IDA & IBRD countries),TMN,..,..,..,..,..,..
Number of infant deaths,Middle income,MIC,3713025,3596762,3488112,3382244,3280706,3186371
Number of infant deaths,Moldova,MDA,697,686,667,644,618,587
Number of infant deaths,Monaco,MCO,0,1,1,1,2,2
Number of infant deaths,Mongolia,MNG,1670,1621,1570,1504,1432,1348
Number of infant deaths,Montenegro,MNE,52,46,41,36,33,30
Number of infant deaths,Morocco,MAR,19654,19263,18868,18428,17823,17043
Number of infant deaths,Mozambique,MOZ,69913,67331,63949,62362,60985,60138
Number of infant deaths,Myanmar,MMR,44646,42234,40219,38559,37267,36176
Number of infant deaths,Namibia,NAM,2399,2379,2438,2445,2451,2447
Number of infant deaths,Nauru,NRU,5,5,5,5,4,4
Number of infant deaths,Nepal,NPL,22799,21071,19450,17990,16885,16144
Number of infant deaths,Netherlands,NLD,634,612,599,575,586,576
Number of infant deaths,New Caledonia,NCL,..,..,..,..,..,..
Number of infant deaths,New Zealand,NZL,342,333,319,309,293,280
Number of infant deaths,Nicaragua,NIC,2878,2753,2614,2484,2360,2251
Number of infant deaths,Niger,NER,52273,52166,52316,52711,53439,54226
Number of infant deaths,Nigeria,NGA,513166,506889,501384,496561,490812,484368
Number of infant deaths,North America,NAC,..,..,..,..,..,..
Number of infant deaths,Northern Mariana Islands,MNP,..,..,..,..,..,..
Number of infant deaths,Norway,NOR,168,161,146,142,134,122
Number of infant deaths,OECD members,OED,..,..,..,..,..,..
Number of infant deaths,Oman,OMN,699,723,758,792,812,804
Number of infant deaths,Other small states,OSS,..,..,..,..,..,..
Number of infant deaths,Pacific island small states,PSS,..,..,..,..,..,..
Number of infant deaths,Pakistan,PAK,382955,382001,376932,369327,359601,350600
Number of infant deaths,Palau,PLW,4,4,4,4,4,4
Number of infant deaths,Panama,PAN,1287,1259,1221,1178,1141,1097
Number of infant deaths,Papua New Guinea,PNG,10372,10204,9970,9759,9495,9284
Number of infant deaths,Paraguay,PRY,2941,2845,2719,2581,2468,2366
Number of infant deaths,Peru,PER,9855,9473,9127,8784,8469,8164
Number of infant deaths,Philippines,PHL,56575,55434,54691,53910,53319,52300
Number of infant deaths,Poland,POL,2267,2096,1968,1815,1709,1629
Number of infant deaths,Portugal,PRT,296,287,279,272,257,251
Number of infant deaths,Post-demographic dividend,PST,..,..,..,..,..,..
Number of infant deaths,Pre-demographic dividend,PRE,..,..,..,..,..,..
Number of infant deaths,Puerto Rico,PRI,..,..,..,..,..,..
Number of infant deaths,Qatar,QAT,136,153,170,186,194,195
Number of infant deaths,Romania,ROM,2626,2411,2160,1941,1752,1614
Number of infant deaths,Russian Federation,RUS,16884,16712,16634,16659,16412,15989
Number of infant deaths,Rwanda,RWA,16288,14751,13368,12122,11123,10445
Number of infant deaths,Samoa,WSM,89,87,82,77,72,68
Number of infant deaths,San Marino,SMR,1,1,1,1,1,1
Number of infant deaths,Sao Tome and Principe,STP,228,225,223,224,222,219
Number of infant deaths,Saudi Arabia,SAU,9260,9019,8766,8391,8052,7708
Number of infant deaths,Senegal,SEN,22643,22803,23158,23585,23936,24123
Number of infant deaths,Serbia,SRB,600,583,567,552,555,547
Number of infant deaths,Seychelles,SYC,21,21,21,21,20,20
Number of infant deaths,Sierra Leone,SLE,23695,22600,21512,20490,19645,19014
Number of infant deaths,Singapore,SGP,113,115,116,117,118,112
Number of infant deaths,Sint Maarten (Dutch part),SXM,..,..,..,..,..,..
Number of infant deaths,Slovak Republic,SVK,423,406,379,356,335,314
Number of infant deaths,Slovenia,SVN,60,59,55,52,49,46
Number of infant deaths,Small states,SST,..,..,..,..,..,..
Number of infant deaths,Solomon Islands,SLB,452,444,433,421,407,395
Number of infant deaths,Somalia,SOM,42129,41278,40260,39191,38236,37786
Number of infant deaths,South Africa,ZAF,47579,45371,43148,39074,36088,34078
Number of infant deaths,South Asia,SAS,1839905,1761762,1682208,1605486,1536519,1480938
Number of infant deaths,South Asia (IDA & IBRD),TSA,..,..,..,..,..,..
Number of infant deaths,South Sudan,SSD,26385,26435,26426,26335,26144,25942
Number of infant deaths,Spain,ESP,1905,1786,1637,1524,1390,1299
Number of infant deaths,Sri Lanka,LKA,3369,3179,3014,2851,2738,2620
Number of infant deaths,St. Kitts and Nevis,KNA,10,9,9,9,8,8
Number of infant deaths,St. Lucia,LCA,40,40,39,38,37,36
Number of infant deaths,St. Martin (French part),MAF,..,..,..,..,..,..
Number of infant deaths,St. Vincent and the Grenadines,VCT,37,35,33,31,29,27
Number of infant deaths,Sub-Saharan Africa,SSF,..,..,..,..,..,..
Number of infant deaths,Sub-Saharan Africa (excluding high income),SSA,2165565,2128160,2092508,2065621,2038190,2014925
Number of infant deaths,Sub-Saharan Africa (IDA & IBRD countries),TSS,..,..,..,..,..,..
Number of infant deaths,Sudan,SDN,64615,63822,63157,62461,61939,61285
Number of infant deaths,Suriname,SUR,223,215,208,200,192,186
Number of infant deaths,Swaziland,SWZ,2158,1965,1895,1781,1682,1631
Number of infant deaths,Sweden,SWE,278,264,264,265,267,271
Number of infant deaths,Switzerland,CHE,315,312,307,302,296,291
Number of infant deaths,Syrian Arab Republic,SYR,7010,6706,6296,5656,5143,4708
Number of infant deaths,Tajikistan,TJK,10244,10395,10542,10598,10521,10293
Number of infant deaths,Tanzania,TZA,75614,74016,73236,73156,72398,72069
Number of infant deaths,Thailand,THA,9844,9327,8934,8555,8228,7778
Number of infant deaths,Timor-Leste,TMP,1597,1738,1943,2149,2290,2324
Number of infant deaths,Togo,TGO,13972,13816,13638,13424,13234,13077
Number of infant deaths,Tonga,TON,42,42,41,39,38,37
Number of infant deaths,Trinidad and Tobago,TTO,423,407,389,375,360,344
Number of infant deaths,Tunisia,TUN,2769,2730,2709,2693,2641,2546
Number of infant deaths,Turkey,TUR,21461,20402,19405,18452,17395,16325
Number of infant deaths,Turkmenistan,TKM,5127,4995,4997,5040,5078,5024
Number of infant deaths,Turks and Caicos Islands,TCA,..,..,..,..,..,..
Number of infant deaths,Tuvalu,TUV,5,5,5,5,5,5
Number of infant deaths,Uganda,UGA,70749,67489,63162,63189,60673,59856
Number of infant deaths,Ukraine,UKR,5815,5414,4857,4246,3700,3331
Number of infant deaths,United Arab Emirates,ARE,672,688,676,644,603,571
Number of infant deaths,United Kingdom,GBR,3917,3704,3498,3173,2880,2655
Number of infant deaths,United States,USA,25466,24200,23725,22559,21613,21321
Number of infant deaths,Upper middle income,UMC,643134,619110,598538,577983,558394,539329
Number of infant deaths,Uruguay,URY,529,510,492,463,441,419
Number of infant deaths,Uzbekistan,UZB,26340,26027,25469,24751,23837,22771
Number of infant deaths,Vanuatu,VUT,188,187,181,172,163,157
Number of infant deaths,"Venezuela, RB",VEN,8541,8437,8273,8106,7931,7746
Number of infant deaths,Vietnam,VNM,30865,30125,29465,28816,28092,27243
Number of infant deaths,Virgin Islands (U.S.),VIR,..,..,..,..,..,..
Number of infant deaths,West Bank and Gaza,WBG,2772,2776,2773,2765,2737,2705
Number of infant deaths,World,WLD,5113206,4956287,4814773,4686178,4561891,4450352
Number of infant deaths,"Yemen, Rep.",YEM,33821,32364,31016,29800,28658,27775
Number of infant deaths,Zambia,ZMB,30036,29454,28630,27543,26925,26636
Number of infant deaths,Zimbabwe,ZWE,27907,27637,25819,26047,25775,25398
,,,,,,,,
,,,,,,,,
,,,,,,,,
Data from database: Health Nutrition and Population Statistics,,,,,,,,
Last Updated: 07/06/2016,,,,,,,,
