Country Name,Country Code,Series Name,2010 [YR2010],2011 [YR2011],2012 [YR2012],2013 [YR2013],2014 [YR2014],2015 [YR2015]
Afghanistan,AFG,Agriculture value added per worker (constant 2010 US$),687.4031021,617.6519535,708.8983281,687.8849525,667.4760272,636.4271641
Afghanistan,AFG,Employment in agriculture (% of total employment),..,..,..,..,..,..
Albania,ALB,Agriculture value added per worker (constant 2010 US$),3487.925916,3684.409064,3915.241633,3980.859777,4111.683471,4117.644711
Albania,ALB,Employment in agriculture (% of total employment),..,..,..,..,..,..
Algeria,DZA,Agriculture value added per worker (constant 2010 US$),4298.74642,4777.838202,5112.22106,5529.691913,5676.818113,6129.392125
Algeria,DZA,Employment in agriculture (% of total employment),..,10.80000019,..,..,..,..
American Samoa,ASM,Agriculture value added per worker (constant 2010 US$),..,..,..,..,..,..
American Samoa,ASM,Employment in agriculture (% of total employment),3,..,..,..,..,..
Andorra,ADO,Agriculture value added per worker (constant 2010 US$),7761.127334,..,..,..,..,..
Andorra,ADO,Employment in agriculture (% of total employment),..,..,..,..,..,..
Angola,AGO,Agriculture value added per worker (constant 2010 US$),..,..,..,..,..,..
Angola,AGO,Employment in agriculture (% of total employment),..,..,..,..,..,..
Antigua and Barbuda,ATG,Agriculture value added per worker (constant 2010 US$),2344.736111,2662.556294,2727.407558,2878.738437,2890.811121,2943.516499
Antigua and Barbuda,ATG,Employment in agriculture (% of total employment),..,..,..,..,..,..
Arab World,ARB,Agriculture value added per worker (constant 2010 US$),4320.57808,4578.693846,4617.626068,4893.491559,4952.1955,5051.704018
Arab World,ARB,Employment in agriculture (% of total employment),..,24.16256386,..,..,..,..
Argentina,ARG,Agriculture value added per worker (constant 2010 US$),23272.91924,22609.97886,20851.08081,23165.37646,24581.49059,..
Argentina,ARG,Employment in agriculture (% of total employment),3,3.099999905,0.600000024,0.600000024,0.5,..
Armenia,ARM,Agriculture value added per worker (constant 2010 US$),10636.28108,12376.22996,13741.50988,15102.70458,16637.22756,19091.28117
Armenia,ARM,Employment in agriculture (% of total employment),38.59999847,38.90000153,37.29999924,36.29999924,..,..
Aruba,ABW,Agriculture value added per worker (constant 2010 US$),1232.153942,..,..,..,..,..
Aruba,ABW,Employment in agriculture (% of total employment),0.600000024,0.600000024,..,..,..,..
Australia,AUS,Agriculture value added per worker (constant 2010 US$),55252.94214,57115.20949,57922.6987,57601.98222,58153.86436,59179.08816
Australia,AUS,Employment in agriculture (% of total employment),3.200000048,2.900000095,2.900000095,2.599999905,..,..
Austria,AUT,Agriculture value added per worker (constant 2010 US$),34601.3613,41187.76502,39199.16971,40017.07368,43340.97884,42145.13413
Austria,AUT,Employment in agriculture (% of total employment),4.699999809,4.400000095,4.199999809,4,4.300000191,..
Azerbaijan,AZE,Agriculture value added per worker (constant 2010 US$),2703.433516,2849.726594,3032.239603,3186.661206,3112.382014,3339.323411
Azerbaijan,AZE,Employment in agriculture (% of total employment),38.20000076,37.90000153,37.70000076,37.09999847,36.79999924,..
"Bahamas, The",BHS,Agriculture value added per worker (constant 2010 US$),34003.4,39130.25904,40883.49449,31114.41881,30940.61063,..
"Bahamas, The",BHS,Employment in agriculture (% of total employment),..,3.700000048,..,..,..,..
Bahrain,BHR,Agriculture value added per worker (constant 2010 US$),19135.6383,19441.48936,19847.07447,20166.2234,21017.28723,27765.95745
Bahrain,BHR,Employment in agriculture (% of total employment),1.100000024,..,..,..,..,..
Bangladesh,BGD,Agriculture value added per worker (constant 2010 US$),610.5546702,640.2364267,662.2480028,681.6110423,715.0187774,743.1292521
Bangladesh,BGD,Employment in agriculture (% of total employment),47.5,..,..,..,..,..
Barbados,BRB,Agriculture value added per worker (constant 2010 US$),15125,..,..,..,..,..
Barbados,BRB,Employment in agriculture (% of total employment),2.799999952,3.299999952,2.799999952,2.700000048,..,..
Belarus,BLR,Agriculture value added per worker (constant 2010 US$),11741.86821,13036.2114,14459.39054,14468.71365,15558.08087,15814.49155
Belarus,BLR,Employment in agriculture (% of total employment),10.5,10.39999962,10.10000038,9.600000381,..,..
Belgium,BEL,Agriculture value added per worker (constant 2010 US$),62498.59692,65225.83014,67086.54305,61462.84643,64998.57161,66040.84503
Belgium,BEL,Employment in agriculture (% of total employment),1.299999952,1.200000048,1.100000024,1.299999952,1.100000024,..
Belize,BLZ,Agriculture value added per worker (constant 2010 US$),5181.337097,4956.312326,5129.138769,5253.151442,5389.531975,4543.139887
Belize,BLZ,Employment in agriculture (% of total employment),..,..,..,..,..,..
Benin,BEN,Agriculture value added per worker (constant 2010 US$),989.8624203,1000.352523,1024.097651,1069.949456,1115.870524,1150.803574
Benin,BEN,Employment in agriculture (% of total employment),45.09999847,..,..,..,..,..
Bermuda,BMU,Agriculture value added per worker (constant 2010 US$),42971,41236.76451,38253.66415,..,..,..
Bermuda,BMU,Employment in agriculture (% of total employment),1.399999976,1.700000048,1.700000048,1.600000024,..,..
Bhutan,BTN,Agriculture value added per worker (constant 2010 US$),856.3438944,852.3457661,847.6488813,844.9189427,844.8832783,838.918414
Bhutan,BTN,Employment in agriculture (% of total employment),59.5,60.09999847,62.20000076,56.29999924,..,..
Bolivia,BOL,Agriculture value added per worker (constant 2010 US$),1034.758283,1044.670248,1065.792101,1093.911547,1113.399782,..
Bolivia,BOL,Employment in agriculture (% of total employment),..,..,..,..,..,..
Bosnia and Herzegovina,BIH,Agriculture value added per worker (constant 2010 US$),26493.4933,28381.07444,27883.71062,35127.07262,33643.99274,38793.99839
Bosnia and Herzegovina,BIH,Employment in agriculture (% of total employment),..,..,..,..,..,..
Botswana,BWA,Agriculture value added per worker (constant 2010 US$),1003.58609,989.7319607,894.1805033,895.0642021,881.2627774,876.2260863
Botswana,BWA,Employment in agriculture (% of total employment),26.39999962,..,..,..,..,..
Brazil,BRA,Agriculture value added per worker (constant 2010 US$),8228.054854,8922.867652,8883.075957,9893.138839,10386.30119,10882.8373
Brazil,BRA,Employment in agriculture (% of total employment),..,15.69999981,14.60000038,14.5,..,..
British Virgin Islands,VGB,Agriculture value added per worker (constant 2010 US$),..,..,..,..,..,..
British Virgin Islands,VGB,Employment in agriculture (% of total employment),0.5,..,..,..,..,..
Brunei Darussalam,BRN,Agriculture value added per worker (constant 2010 US$),93995.59956,98286.86809,..,..,..,..
Brunei Darussalam,BRN,Employment in agriculture (% of total employment),..,..,..,..,0.600000024,..
Bulgaria,BGR,Agriculture value added per worker (constant 2010 US$),17280.45564,18330.80441,18269.9653,20166.3869,22806.65977,24305.71778
Bulgaria,BGR,Employment in agriculture (% of total employment),6.699999809,6.599999905,6.300000191,6.5,6.900000095,..
Burkina Faso,BFA,Agriculture value added per worker (constant 2010 US$),422.9416987,395.7644798,412.4792594,412.4594242,406.6123891,388.7064146
Burkina Faso,BFA,Employment in agriculture (% of total employment),..,..,..,..,..,..
Burundi,BDI,Agriculture value added per worker (constant 2010 US$),200.2964364,205.6234742,214.0926568,214.0141838,219.2101577,231.3669613
Burundi,BDI,Employment in agriculture (% of total employment),..,..,..,..,..,..
Cabo Verde,CPV,Agriculture value added per worker (constant 2010 US$),4155.460144,4337.544085,4906.388542,4847.040404,4720.97267,..
Cabo Verde,CPV,Employment in agriculture (% of total employment),..,..,..,..,..,..
Cambodia,KHM,Agriculture value added per worker (constant 2010 US$),766.9169259,780.3297104,804.3324974,808.5159466,802.9875779,797.7056505
Cambodia,KHM,Employment in agriculture (% of total employment),54.09999847,..,..,..,..,..
Cameroon,CMR,Agriculture value added per worker (constant 2010 US$),1434.053211,1477.338203,1516.099261,1571.518333,1646.054778,1786.825195
Cameroon,CMR,Employment in agriculture (% of total employment),..,..,..,..,..,..
Canada,CAN,Agriculture value added per worker (constant 2010 US$),64714.30276,68638.9268,70652.50952,82469.11737,78278.18544,82512.2345
Canada,CAN,Employment in agriculture (% of total employment),2.200000048,2.200000048,2.099999905,2.200000048,2.099999905,..
Caribbean small states,CSS,Agriculture value added per worker (constant 2010 US$),4950.137268,5105.38505,5334.948792,5177.134664,5385.097654,4416.828909
Caribbean small states,CSS,Employment in agriculture (% of total employment),..,..,..,..,..,..
Cayman Islands,CYM,Agriculture value added per worker (constant 2010 US$),..,..,..,..,..,..
Cayman Islands,CYM,Employment in agriculture (% of total employment),0.600000024,0.400000006,0.699999988,0.800000012,..,..
Central African Republic,CAF,Agriculture value added per worker (constant 2010 US$),796.4466803,853.0236695,864.4158661,474.6347035,447.2471332,458.3720211
Central African Republic,CAF,Employment in agriculture (% of total employment),..,..,..,..,..,..
Central Europe and the Baltics,CEB,Agriculture value added per worker (constant 2010 US$),7537.933508,8342.442327,7595.850974,8846.779196,9606.59989,9057.337867
Central Europe and the Baltics,CEB,Employment in agriculture (% of total employment),12.54615615,12.10764201,12.09365332,11.7482027,11.36711403,..
Chad,TCD,Agriculture value added per worker (constant 2010 US$),1869.078764,1706.091441,1885.267846,1825.925446,1922.710878,2096.595409
Chad,TCD,Employment in agriculture (% of total employment),..,..,..,..,..,..
Channel Islands,CHI,Agriculture value added per worker (constant 2010 US$),..,..,..,..,..,..
Channel Islands,CHI,Employment in agriculture (% of total employment),..,..,..,..,..,..
Chile,CHL,Agriculture value added per worker (constant 2010 US$),7195.221019,8067.328037,7926.075297,7966.976981,7763.03563,8144.776171
Chile,CHL,Employment in agriculture (% of total employment),11.10000038,10.39999962,10.39999962,9.199999809,..,..
China,CHN,Agriculture value added per worker (constant 2010 US$),1160.298689,1214.087425,1275.308086,1332.56293,1397.391219,1464.936453
China,CHN,Employment in agriculture (% of total employment),2.900000095,2.5,..,..,..,..
Colombia,COL,Agriculture value added per worker (constant 2010 US$),5288.167819,5428.626863,5604.777607,6018.359512,6262.182299,6536.490405
Colombia,COL,Employment in agriculture (% of total employment),18.5,18.20000076,17.5,16.89999962,16.29999924,..
Comoros,COM,Agriculture value added per worker (constant 2010 US$),945.6648525,958.5308717,972.245237,986.8046089,981.9909284,..
Comoros,COM,Employment in agriculture (% of total employment),..,..,..,..,..,..
"Congo, Dem. Rep.",ZAR,Agriculture value added per worker (constant 2010 US$),322.1933705,326.2598797,330.4728603,335.3387379,340.2148029,349.9307169
"Congo, Dem. Rep.",ZAR,Employment in agriculture (% of total employment),..,..,..,..,..,..
"Congo, Rep.",COG,Agriculture value added per worker (constant 2010 US$),877.7670421,947.7940017,998.5812509,1074.265079,1158.757674,1217.18001
"Congo, Rep.",COG,Employment in agriculture (% of total employment),..,..,..,..,..,..
Costa Rica,CRI,Agriculture value added per worker (constant 2010 US$),7382.468273,7497.07506,7924.044683,7977.97037,8355.646215,..
Costa Rica,CRI,Employment in agriculture (% of total employment),15,14.10000038,13.39999962,12.69999981,..,..
Cote d'Ivoire,CIV,Agriculture value added per worker (constant 2010 US$),2169.163694,2326.040771,2265.037202,2420.635642,2696.807443,2795.88162
Cote d'Ivoire,CIV,Employment in agriculture (% of total employment),..,..,..,..,..,..
Croatia,HRV,Agriculture value added per worker (constant 2010 US$),29577.77903,30248.58958,27937.22097,29813.78729,32165.63717,34196.79747
Croatia,HRV,Employment in agriculture (% of total employment),12.5,12.80000019,10.60000038,9.5,8.699999809,..
Cuba,CUB,Agriculture value added per worker (constant 2010 US$),4536.317065,4734.530663,5003.23488,5234.64435,..,..
Cuba,CUB,Employment in agriculture (% of total employment),18.5,19.70000076,19.29999924,18.60000038,..,..
Curacao,CUW,Agriculture value added per worker (constant 2010 US$),..,..,..,..,..,..
Curacao,CUW,Employment in agriculture (% of total employment),..,..,..,..,..,..
Cyprus,CYP,Agriculture value added per worker (constant 2010 US$),17281.9733,19022.95452,19599.08398,20126.3796,19594.99202,..
Cyprus,CYP,Employment in agriculture (% of total employment),2.799999952,2.900000095,2.299999952,2.5,3.900000095,..
Czech Republic,CZE,Agriculture value added per worker (constant 2010 US$),9642.211458,10248.20379,10854.25062,10946.88478,11956.4713,12386.45763
Czech Republic,CZE,Employment in agriculture (% of total employment),3.099999905,3,3,3,2.700000048,..
Denmark,DNK,Agriculture value added per worker (constant 2010 US$),51601.73776,48232.40854,55422.20089,47062.91979,57032.03111,62599.08111
Denmark,DNK,Employment in agriculture (% of total employment),2.299999952,2.200000048,2.400000095,2.299999952,2.299999952,..
Djibouti,DJI,Agriculture value added per worker (constant 2010 US$),..,..,..,..,..,..
Djibouti,DJI,Employment in agriculture (% of total employment),..,..,..,..,..,..
Dominica,DMA,Agriculture value added per worker (constant 2010 US$),9437.271605,10127.11443,10919.34957,11418.99649,11380.99404,10145.64773
Dominica,DMA,Employment in agriculture (% of total employment),..,..,..,..,..,..
Dominican Republic,DOM,Agriculture value added per worker (constant 2010 US$),7100.790894,7728.822786,8119.169913,8600.070189,9171.562962,9504.038972
Dominican Republic,DOM,Employment in agriculture (% of total employment),12,14.69999981,14.19999981,14.19999981,14.5,..
Early-demographic dividend,EAR,Agriculture value added per worker (constant 2010 US$),1606.387402,1625.977052,1650.586082,1701.510445,1680.242592,..
Early-demographic dividend,EAR,Employment in agriculture (% of total employment),40.98926824,..,36.06807234,40.95772438,..,..
East Asia & Pacific,EAS,Agriculture value added per worker (constant 2010 US$),1479.048328,1543.473973,1608.906484,1670.791955,1738.370738,1663.587935
East Asia & Pacific,EAS,Employment in agriculture (% of total employment),9.767274088,9.185155358,..,..,..,..
East Asia & Pacific (excluding high income),EAP,Agriculture value added per worker (constant 2010 US$),1287.821052,1346.897605,1409.766457,1467.060679,1532.367682,1579.093484
East Asia & Pacific (excluding high income),EAP,Employment in agriculture (% of total employment),10.31523031,9.339025242,..,..,..,..
East Asia & Pacific (IDA & IBRD countries),TEA,Agriculture value added per worker (constant 2010 US$),1287.821052,1346.897605,1409.766457,1467.060679,1532.367682,1579.093484
East Asia & Pacific (IDA & IBRD countries),TEA,Employment in agriculture (% of total employment),10.31523031,9.339025242,..,..,..,..
Ecuador,ECU,Agriculture value added per worker (constant 2010 US$),5512.952769,5970.197469,6041.16817,6443.964641,6649.57209,6884.833183
Ecuador,ECU,Employment in agriculture (% of total employment),28.20000076,28.29999924,27.79999924,25.29999924,..,..
"Egypt, Arab Rep.",EGY,Agriculture value added per worker (constant 2010 US$),4411.082205,4545.569637,4699.635755,4868.900965,5049.298862,5241.308147
"Egypt, Arab Rep.",EGY,Employment in agriculture (% of total employment),28.20000076,29.20000076,27.10000038,28,..,..
El Salvador,SLV,Agriculture value added per worker (constant 2010 US$),4199.830508,4145.605279,4333.507962,4359.684121,4463.925389,4546.826007
El Salvador,SLV,Employment in agriculture (% of total employment),20.79999924,21.60000038,21,19.60000038,..,..
Equatorial Guinea,GNQ,Agriculture value added per worker (constant 2010 US$),..,..,..,..,..,..
Equatorial Guinea,GNQ,Employment in agriculture (% of total employment),..,..,..,..,..,..
Eritrea,ERI,Agriculture value added per worker (constant 2010 US$),..,..,..,..,..,..
Eritrea,ERI,Employment in agriculture (% of total employment),..,..,..,..,..,..
Estonia,EST,Agriculture value added per worker (constant 2010 US$),8925.415264,10285.20971,12250.74218,11634.71593,12449.85809,14727.74099
Estonia,EST,Employment in agriculture (% of total employment),4,4.199999809,4.400000095,4.300000191,3.900000095,..
Ethiopia,ETH,Agriculture value added per worker (constant 2010 US$),391.9071365,417.4014044,428.1809909,448.7318938,463.4173819,483.3520254
Ethiopia,ETH,Employment in agriculture (% of total employment),..,9.5,8.199999809,72.69999695,..,..
Euro area,EMU,Agriculture value added per worker (constant 2010 US$),34226.7763,36079.64445,36031.5348,38710.58803,41890.31728,45037.56774
Euro area,EMU,Employment in agriculture (% of total employment),3.348151648,3.234387834,3.215813593,3.171758708,3.147562479,..
Europe & Central Asia,ECS,Agriculture value added per worker (constant 2010 US$),11238.87421,12277.57387,12180.27201,13021.49923,14025.78064,14561.22498
Europe & Central Asia,ECS,Employment in agriculture (% of total employment),7.940684098,8.568644273,8.56313579,8.430288909,7.04422464,..
Europe & Central Asia (excluding high income),ECA,Agriculture value added per worker (constant 2010 US$),6321.952545,7159.95378,7177.240175,7814.467094,8246.720195,8708.262228
Europe & Central Asia (excluding high income),ECA,Employment in agriculture (% of total employment),14.99506581,15.53906588,15.37777227,15.16939517,12.69424225,..
Europe & Central Asia (IDA & IBRD countries),TEC,Agriculture value added per worker (constant 2010 US$),6174.515907,6943.592605,6921.345368,7546.453626,7949.424934,8374.505494
Europe & Central Asia (IDA & IBRD countries),TEC,Employment in agriculture (% of total employment),14.69594131,15.20897932,15.03432033,14.7941818,12.49502336,..
European Union,EUU,Agriculture value added per worker (constant 2010 US$),22842.78392,24268.47739,23805.21136,25673.9854,27890.46703,29522.66396
European Union,EUU,Employment in agriculture (% of total employment),4.801099214,4.627032899,4.608877667,4.490464113,4.417504565,..
Faroe Islands,FRO,Agriculture value added per worker (constant 2010 US$),..,..,..,..,..,..
Faroe Islands,FRO,Employment in agriculture (% of total employment),..,..,..,..,..,..
Fiji,FJI,Agriculture value added per worker (constant 2010 US$),2338.40727,2693.078353,2619.98063,2796.635998,2765.286742,2906.025928
Fiji,FJI,Employment in agriculture (% of total employment),..,..,..,..,..,..
Finland,FIN,Agriculture value added per worker (constant 2010 US$),60386.53872,65703.81851,66916.85063,75850.91637,79664.02843,83664.45916
Finland,FIN,Employment in agriculture (% of total employment),4.099999905,4,3.799999952,3.799999952,3.900000095,..
Fragile and conflict affected situations,FCS,Agriculture value added per worker (constant 2010 US$),..,..,..,..,..,..
Fragile and conflict affected situations,FCS,Employment in agriculture (% of total employment),..,..,..,..,..,..
France,FRA,Agriculture value added per worker (constant 2010 US$),74181.43153,80882.03188,77603.15843,79962.5393,94951.7342,95420.28643
France,FRA,Employment in agriculture (% of total employment),2.900000095,2.799999952,2.799999952,3,2.799999952,..
French Polynesia,PYF,Agriculture value added per worker (constant 2010 US$),..,..,..,..,..,..
French Polynesia,PYF,Employment in agriculture (% of total employment),2.700000048,2.799999952,..,..,..,..
Gabon,GAB,Agriculture value added per worker (constant 2010 US$),3071.367418,3123.4368,3252.373141,3363.453755,3669.682402,3949.104141
Gabon,GAB,Employment in agriculture (% of total employment),..,..,..,..,..,..
"Gambia, The",GMB,Agriculture value added per worker (constant 2010 US$),455.5008066,335.7741406,346.5963811,331.2034327,298.5860298,..
"Gambia, The",GMB,Employment in agriculture (% of total employment),..,..,..,..,31.5,..
Georgia,GEO,Agriculture value added per worker (constant 2010 US$),2393.049862,2664.54065,2632.858402,3011.814221,3157.75863,3345.551695
Georgia,GEO,Employment in agriculture (% of total employment),..,..,..,..,..,..
Germany,DEU,Agriculture value added per worker (constant 2010 US$),33463.24553,31386.87233,34793.8029,38051.94536,42822.78146,43326.62656
Germany,DEU,Employment in agriculture (% of total employment),1.5,1.5,1.399999976,1.299999952,1.299999952,..
Ghana,GHA,Agriculture value added per worker (constant 2010 US$),1485.004161,1459.607661,1455.608357,1499.790557,1530.775183,1529.759262
Ghana,GHA,Employment in agriculture (% of total employment),41.5,..,..,44.70000076,..,..
Gibraltar,GIB,Agriculture value added per worker (constant 2010 US$),..,..,..,..,..,..
Gibraltar,GIB,Employment in agriculture (% of total employment),..,..,..,..,..,..
Greece,GRC,Agriculture value added per worker (constant 2010 US$),13554.46495,13690.52261,15697.29432,15756.93663,18100.91858,18326.82885
Greece,GRC,Employment in agriculture (% of total employment),11.69999981,11.69999981,12.5,13.30000019,13,..
Greenland,GRL,Agriculture value added per worker (constant 2010 US$),..,..,..,..,..,..
Greenland,GRL,Employment in agriculture (% of total employment),..,4.599999905,..,..,..,..
Grenada,GRD,Agriculture value added per worker (constant 2010 US$),3866.366255,3805.801859,3963.281014,4296.301756,5956.832354,6880.934357
Grenada,GRD,Employment in agriculture (% of total employment),..,..,..,..,..,..
Guam,GUM,Agriculture value added per worker (constant 2010 US$),..,..,..,..,..,..
Guam,GUM,Employment in agriculture (% of total employment),0.300000012,..,..,..,..,..
Guatemala,GTM,Agriculture value added per worker (constant 2010 US$),2217.201397,2282.098043,2344.650363,2402.223892,2422.131987,2443.306732
Guatemala,GTM,Employment in agriculture (% of total employment),..,37.59999847,32.29999924,32.70000076,..,..
Guinea,GIN,Agriculture value added per worker (constant 2010 US$),250.2272532,256.5239824,261.8526842,274.8868636,274.2030406,269.5280119
Guinea,GIN,Employment in agriculture (% of total employment),74.30000305,74.80000305,74.80000305,..,..,..
Guinea-Bissau,GNB,Agriculture value added per worker (constant 2010 US$),850.5216869,908.3317788,891.3801013,879.4195244,893.2682625,..
Guinea-Bissau,GNB,Employment in agriculture (% of total employment),..,..,..,..,..,..
Guyana,GUY,Agriculture value added per worker (constant 2010 US$),7197.359207,7539.083829,7814.287736,7996.061073,8623.005155,8718.618277
Guyana,GUY,Employment in agriculture (% of total employment),..,..,..,..,..,..
Haiti,HTI,Agriculture value added per worker (constant 2010 US$),..,..,..,..,..,..
Haiti,HTI,Employment in agriculture (% of total employment),..,..,..,..,..,..
Heavily indebted poor countries (HIPC),HPC,Agriculture value added per worker (constant 2010 US$),676.2077798,680.6769236,699.9439832,705.1864111,721.2442837,730.7463928
Heavily indebted poor countries (HIPC),HPC,Employment in agriculture (% of total employment),..,..,..,..,..,..
High income,HIC,Agriculture value added per worker (constant 2010 US$),31897.46953,33028.3676,32815.43001,36201.11491,38321.39681,31325.35787
High income,HIC,Employment in agriculture (% of total employment),3.368121432,..,3.897409032,3.817057716,..,..
Honduras,HND,Agriculture value added per worker (constant 2010 US$),2760.862177,2948.752483,3268.691786,3386.252323,3488.897564,3613.757441
Honduras,HND,Employment in agriculture (% of total employment),37.5,36.59999847,38.20000076,35.79999924,..,..
"Hong Kong SAR, China",HKG,Agriculture value added per worker (constant 2010 US$),..,..,..,..,..,..
"Hong Kong SAR, China",HKG,Employment in agriculture (% of total employment),..,..,..,..,..,..
Hungary,HUN,Agriculture value added per worker (constant 2010 US$),12157.32321,14568.03259,11935.92239,14340.69714,16922.23806,..
Hungary,HUN,Employment in agriculture (% of total employment),4.5,4.900000095,5,4.699999809,4.599999905,..
IBRD only,IBD,Agriculture value added per worker (constant 2010 US$),1698.119636,1767.22304,1804.515028,1889.276815,1918.365024,..
IBRD only,IBD,Employment in agriculture (% of total employment),21.69362936,11.48999072,..,..,..,..
Iceland,ISL,Agriculture value added per worker (constant 2010 US$),73101.53449,82881.79605,86424.0567,89280.19139,..,..
Iceland,ISL,Employment in agriculture (% of total employment),5.400000095,5.300000191,5.5,4.199999809,4.199999809,..
IDA & IBRD total,IBT,Agriculture value added per worker (constant 2010 US$),1531.678847,1584.508791,1618.559662,1682.905631,1708.923424,1875.198203
IDA & IBRD total,IBT,Employment in agriculture (% of total employment),23.89585896,..,..,..,..,..
IDA blend,IDB,Agriculture value added per worker (constant 2010 US$),2067.571422,2106.70728,2195.336924,2245.477386,2327.543138,2426.049107
IDA blend,IDB,Employment in agriculture (% of total employment),..,..,..,..,..,..
IDA only,IDX,Agriculture value added per worker (constant 2010 US$),654.6554986,662.51264,680.7957157,688.6064154,700.8960861,713.2457251
IDA only,IDX,Employment in agriculture (% of total employment),..,..,..,..,..,..
IDA total,IDA,Agriculture value added per worker (constant 2010 US$),1031.054787,1044.844929,1079.072157,1095.071966,1121.803576,1152.610445
IDA total,IDA,Employment in agriculture (% of total employment),..,..,..,..,..,..
India,IND,Agriculture value added per worker (constant 2010 US$),1073.793004,1077.97985,1082.570022,1116.342503,1102.73305,..
India,IND,Employment in agriculture (% of total employment),51.09999847,..,47.09999847,49.70000076,..,..
Indonesia,IDN,Agriculture value added per worker (constant 2010 US$),2124.263756,2209.178294,2312.698941,2413.397209,2520.645714,2628.626843
Indonesia,IDN,Employment in agriculture (% of total employment),38.29999924,36.20000076,35.29999924,34.79999924,34.29999924,..
"Iran, Islamic Rep.",IRN,Agriculture value added per worker (constant 2010 US$),4838.499758,4827.396259,5008.989593,5256.080731,5479.456104,..
"Iran, Islamic Rep.",IRN,Employment in agriculture (% of total employment),19.20000076,..,..,..,17.89999962,..
Iraq,IRQ,Agriculture value added per worker (constant 2010 US$),16400.51831,19335.20265,18212.95807,20676.16015,19182.17266,..
Iraq,IRQ,Employment in agriculture (% of total employment),..,..,..,..,..,..
Ireland,IRL,Agriculture value added per worker (constant 2010 US$),14160.75381,16635.80786,15806.07419,16222.80889,20252.82041,22037.42117
Ireland,IRL,Employment in agriculture (% of total employment),4.800000191,5,5.099999905,6,6.099999905,..
Isle of Man,IMY,Agriculture value added per worker (constant 2010 US$),..,..,..,..,..,..
Isle of Man,IMY,Employment in agriculture (% of total employment),..,..,..,..,..,..
Israel,ISR,Agriculture value added per worker (constant 2010 US$),..,..,..,..,..,..
Israel,ISR,Employment in agriculture (% of total employment),1.600000024,1.399999976,1.200000048,1.200000048,1.100000024,..
Italy,ITA,Agriculture value added per worker (constant 2010 US$),44541.97343,47413.43806,48274.04145,51265.57994,52477.03443,57151.82277
Italy,ITA,Employment in agriculture (% of total employment),3.599999905,3.5,3.5,3.400000095,3.5,..
Jamaica,JAM,Agriculture value added per worker (constant 2010 US$),3248.24646,3617.220027,3736.641564,3764.543316,3784.605807,3837.823681
Jamaica,JAM,Employment in agriculture (% of total employment),20.20000076,17.60000038,18.10000038,18.20000076,..,..
Japan,JPN,Agriculture value added per worker (constant 2010 US$),45436.76189,49595.3217,53378.99204,58270.6015,60937.38294,..
Japan,JPN,Employment in agriculture (% of total employment),4,..,3.799999952,3.700000048,..,..
Jordan,JOR,Agriculture value added per worker (constant 2010 US$),6929.267359,7330.891551,6766.178702,6709.720175,7353.815808,7945.747297
Jordan,JOR,Employment in agriculture (% of total employment),2,1.700000048,2,2,1.799999952,..
Kazakhstan,KAZ,Agriculture value added per worker (constant 2010 US$),5602.111073,7152.676753,5973.869082,6729.364047,6906.698756,7298.908059
Kazakhstan,KAZ,Employment in agriculture (% of total employment),28.29999924,26.5,25.5,24.20000076,..,..
Kenya,KEN,Agriculture value added per worker (constant 2010 US$),751.2523804,753.7085437,759.9673363,784.3763942,794.225049,820.6922916
Kenya,KEN,Employment in agriculture (% of total employment),..,..,..,..,..,..
Kiribati,KIR,Agriculture value added per worker (constant 2010 US$),3277.972349,3642.191499,3642.191499,3733.246286,..,..
Kiribati,KIR,Employment in agriculture (% of total employment),22.10000038,..,..,..,..,..
"Korea, Dem. People?s Rep.",PRK,Agriculture value added per worker (constant 2010 US$),..,..,..,..,..,..
"Korea, Dem. People?s Rep.",PRK,Employment in agriculture (% of total employment),..,..,..,..,..,..
"Korea, Rep.",KOR,Agriculture value added per worker (constant 2010 US$),19213.05188,19982.6529,21019.19359,22989.30457,25311.08253,26500.49649
"Korea, Rep.",KOR,Employment in agriculture (% of total employment),6.599999905,6.400000095,6.199999809,6.099999905,..,..
Kosovo,KSV,Agriculture value added per worker (constant 2010 US$),..,..,..,..,..,..
Kosovo,KSV,Employment in agriculture (% of total employment),..,..,4.599999905,..,..,..
Kuwait,KWT,Agriculture value added per worker (constant 2010 US$),37234.57282,41321.9021,38078.62294,38381.01884,41404.9779,..
Kuwait,KWT,Employment in agriculture (% of total employment),..,..,..,..,1.200000048,..
Kyrgyz Republic,KGZ,Agriculture value added per worker (constant 2010 US$),1640.629622,1680.783035,1711.850774,2011.068887,2016.142633,2158.273317
Kyrgyz Republic,KGZ,Employment in agriculture (% of total employment),..,..,30.10000038,31.70000076,..,..
Lao PDR,LAO,Agriculture value added per worker (constant 2010 US$),937.2661711,920.0785111,924.0680365,957.8043279,1013.955509,1000.527305
Lao PDR,LAO,Employment in agriculture (% of total employment),71.30000305,..,..,..,..,..
Late-demographic dividend,LTE,Agriculture value added per worker (constant 2010 US$),1546.346378,1637.962163,1681.198768,1772.191121,1842.597312,1894.90554
Late-demographic dividend,LTE,Employment in agriculture (% of total employment),6.841605645,7.391427347,..,..,..,..
Latin America & Caribbean,LCN,Agriculture value added per worker (constant 2010 US$),6472.011747,6709.827972,6722.07269,7178.000149,7006.871187,7374.212241
Latin America & Caribbean,LCN,Employment in agriculture (% of total employment),..,15.28261506,14.54922585,14.18257359,..,..
Latin America & Caribbean (excluding high income),LAC,Agriculture value added per worker (constant 2010 US$),5744.862748,5989.272817,6070.750795,6465.549425,6221.655299,7283.636681
Latin America & Caribbean (excluding high income),LAC,Employment in agriculture (% of total employment),..,16.56529248,15.82165723,15.50006876,..,..
Latin America & the Caribbean (IDA & IBRD countries),TLA,Agriculture value added per worker (constant 2010 US$),6479.54261,6718.33966,6725.372858,7185.456987,7004.249173,7374.212241
Latin America & the Caribbean (IDA & IBRD countries),TLA,Employment in agriculture (% of total employment),..,15.26413704,14.45430418,14.09572421,..,..
Latvia,LVA,Agriculture value added per worker (constant 2010 US$),8281.746088,8285.768678,9146.133879,9434.203488,9869.203441,..
Latvia,LVA,Employment in agriculture (% of total employment),8.300000191,8.699999809,8.100000381,7.800000191,7.300000191,..
Least developed countries: UN classification,LDC,Agriculture value added per worker (constant 2010 US$),581.5400934,587.752137,608.1528283,611.1362154,624.1628892,632.9800592
Least developed countries: UN classification,LDC,Employment in agriculture (% of total employment),..,..,..,..,..,..
Lebanon,LBN,Agriculture value added per worker (constant 2010 US$),52238.80597,57981.69646,65638.8583,73159.97748,83402.37433,87924.096
Lebanon,LBN,Employment in agriculture (% of total employment),..,..,..,..,..,..
Lesotho,LSO,Agriculture value added per worker (constant 2010 US$),457.3111373,495.4278662,423.5305639,475.2301668,493.8666439,..
Lesotho,LSO,Employment in agriculture (% of total employment),..,..,..,..,..,..
Liberia,LBR,Agriculture value added per worker (constant 2010 US$),634.3135816,643.4674331,644.0026446,650.2945418,637.0007117,593.4888557
Liberia,LBR,Employment in agriculture (% of total employment),46.5,..,..,..,..,..
Libya,LBY,Agriculture value added per worker (constant 2010 US$),..,..,..,..,..,..
Libya,LBY,Employment in agriculture (% of total employment),..,..,..,..,..,..
Liechtenstein,LIE,Agriculture value added per worker (constant 2010 US$),..,..,..,..,..,..
Liechtenstein,LIE,Employment in agriculture (% of total employment),..,..,..,..,..,..
Lithuania,LTU,Agriculture value added per worker (constant 2010 US$),8813.819071,9803.841639,11452.72669,11565.68055,12423.47543,..
Lithuania,LTU,Employment in agriculture (% of total employment),8.699999809,8.300000191,8.800000191,8.399999619,9,..
Low & middle income,LMY,Agriculture value added per worker (constant 2010 US$),1494.226683,1547.226672,1584.943472,1646.269074,1669.403791,1855.837261
Low & middle income,LMY,Employment in agriculture (% of total employment),24.23355269,..,..,..,..,..
Low income,LIC,Agriculture value added per worker (constant 2010 US$),483.702596,481.1215769,502.2351945,499.6549443,510.3773242,518.4037623
Low income,LIC,Employment in agriculture (% of total employment),..,..,..,..,..,..
Lower middle income,LMC,Agriculture value added per worker (constant 2010 US$),1445.456273,1476.025391,1505.477119,1555.202093,1577.284689,..
Lower middle income,LMC,Employment in agriculture (% of total employment),46.00595213,..,42.38295408,43.86041551,..,..
Luxembourg,LUX,Agriculture value added per worker (constant 2010 US$),44150.11038,37174.39294,48079.4702,31125.82781,35320.0883,37924.94481
Luxembourg,LUX,Employment in agriculture (% of total employment),1,1.100000024,1.200000048,1.399999976,1.299999952,..
"Macao SAR, China",MAC,Agriculture value added per worker (constant 2010 US$),..,..,..,..,..,..
"Macao SAR, China",MAC,Employment in agriculture (% of total employment),0.200000003,0.200000003,0.200000003,..,0,..
"Macedonia, FYR",MKD,Agriculture value added per worker (constant 2010 US$),14001.23353,14947.99349,13150.3795,14946.80506,16099.37502,16895.35536
"Macedonia, FYR",MKD,Employment in agriculture (% of total employment),..,18.10000038,16.60000038,18.10000038,18,..
Madagascar,MDG,Agriculture value added per worker (constant 2010 US$),310.0330387,302.2169558,297.1316094,267.3373181,263.1598534,253.836498
Madagascar,MDG,Employment in agriculture (% of total employment),..,..,75.30000305,..,..,..
Malawi,MWI,Agriculture value added per worker (constant 2010 US$),419.8600747,424.7926661,411.1796347,424.5066915,435.1326655,411.3108344
Malawi,MWI,Employment in agriculture (% of total employment),..,..,..,64.09999847,..,..
Malaysia,MYS,Agriculture value added per worker (constant 2010 US$),15961.94232,17345.00275,17826.4041,18496.60019,19243.50443,19818.30905
Malaysia,MYS,Employment in agriculture (% of total employment),13.30000019,11.5,12.60000038,12.69999981,12.19999981,..
Maldives,MDV,Agriculture value added per worker (constant 2010 US$),4008.247962,4234.677878,4233.046167,4661.505419,4668.535531,4755.164239
Maldives,MDV,Employment in agriculture (% of total employment),14.60000038,..,..,..,..,..
Mali,MLI,Agriculture value added per worker (constant 2010 US$),1156.374077,1143.411511,1505.857096,1497.093001,1633.207973,1731.284405
Mali,MLI,Employment in agriculture (% of total employment),..,..,..,..,..,..
Malta,MLT,Agriculture value added per worker (constant 2010 US$),69002.51417,..,..,..,..,..
Malta,MLT,Employment in agriculture (% of total employment),1.299999952,1.100000024,1,1.200000048,1.200000048,..
Marshall Islands,MHL,Agriculture value added per worker (constant 2010 US$),4034.078838,4298.331276,4871.789959,4818.137568,4678.674025,..
Marshall Islands,MHL,Employment in agriculture (% of total employment),11,..,..,..,..,..
Mauritania,MRT,Agriculture value added per worker (constant 2010 US$),1181.583323,1128.769245,1184.070029,1144.226648,1174.474642,..
Mauritania,MRT,Employment in agriculture (% of total employment),..,..,..,..,..,..
Mauritius,MUS,Agriculture value added per worker (constant 2010 US$),6387.163628,6788.373812,7078.664287,7438.802856,7912.937981,8025.900022
Mauritius,MUS,Employment in agriculture (% of total employment),..,7.599999905,7.5,8,8,..
Mexico,MEX,Agriculture value added per worker (constant 2010 US$),4412.892734,4365.707918,4750.730314,4858.224759,5136.109301,5367.499199
Mexico,MEX,Employment in agriculture (% of total employment),13.10000038,13.39999962,13.39999962,13.39999962,..,..
"Micronesia, Fed. Sts.",FSM,Agriculture value added per worker (constant 2010 US$),5941.666667,6211.271088,6638.574444,6322.506713,6369.719248,..
"Micronesia, Fed. Sts.",FSM,Employment in agriculture (% of total employment),..,..,..,..,..,..
Middle East & North Africa,MEA,Agriculture value added per worker (constant 2010 US$),5331.201643,5580.179488,5686.622683,6049.62247,6193.906743,..
Middle East & North Africa,MEA,Employment in agriculture (% of total employment),23.42449512,..,..,..,..,..
Middle East & North Africa (excluding high income),MNA,Agriculture value added per worker (constant 2010 US$),4788.59054,5033.023862,5133.553532,5488.33593,5610.658742,..
Middle East & North Africa (excluding high income),MNA,Employment in agriculture (% of total employment),24.86822679,..,..,..,..,..
Middle East & North Africa (IDA & IBRD countries),TMN,Agriculture value added per worker (constant 2010 US$),4789.990972,5031.210091,5135.024688,5494.828295,5619.405497,..
Middle East & North Africa (IDA & IBRD countries),TMN,Employment in agriculture (% of total employment),24.99134726,..,..,..,..,..
Middle income,MIC,Agriculture value added per worker (constant 2010 US$),1639.198453,1703.872696,1747.860949,1823.064161,1853.046965,2162.049465
Middle income,MIC,Employment in agriculture (% of total employment),24.05768076,..,..,..,..,..
Moldova,MDA,Agriculture value added per worker (constant 2010 US$),3499.565456,3577.65603,3000.509624,4628.914109,5267.365555,4764.919271
Moldova,MDA,Employment in agriculture (% of total employment),27.5,27.5,26.5,28.79999924,..,..
Monaco,MCO,Agriculture value added per worker (constant 2010 US$),..,..,..,..,..,..
Monaco,MCO,Employment in agriculture (% of total employment),..,..,..,..,..,..
Mongolia,MNG,Agriculture value added per worker (constant 2010 US$),3834.138597,3857.065262,4712.25793,5695.059544,6535.563765,7336.546334
Mongolia,MNG,Employment in agriculture (% of total employment),33.5,33,35,..,..,..
Montenegro,MNE,Agriculture value added per worker (constant 2010 US$),8148.989642,9287.55664,8548.389485,10286.39075,10792.71162,11856.66409
Montenegro,MNE,Employment in agriculture (% of total employment),6.199999809,5.599999905,5.699999809,4.5,5.699999809,..
Morocco,MAR,Agriculture value added per worker (constant 2010 US$),4009.814716,4330.124415,4041.088462,4852.125016,4792.919033,5548.343324
Morocco,MAR,Employment in agriculture (% of total employment),40.20000076,39.79999924,39.20000076,..,..,..
Mozambique,MOZ,Agriculture value added per worker (constant 2010 US$),320.1020282,326.5468121,325.9909877,324.8545318,327.3648031,339.5169678
Mozambique,MOZ,Employment in agriculture (% of total employment),..,..,..,..,..,..
Myanmar,MMR,Agriculture value added per worker (constant 2010 US$),..,..,..,..,..,..
Myanmar,MMR,Employment in agriculture (% of total employment),..,..,..,..,..,..
Namibia,NAM,Agriculture value added per worker (constant 2010 US$),3624.580383,3549.77321,3592.873538,3171.460631,3321.852351,3063.530158
Namibia,NAM,Employment in agriculture (% of total employment),31.20000076,29.79999924,27.39999962,31.39999962,..,..
Nauru,NRU,Agriculture value added per worker (constant 2010 US$),..,..,..,..,..,..
Nauru,NRU,Employment in agriculture (% of total employment),..,..,..,..,..,..
Nepal,NPL,Agriculture value added per worker (constant 2010 US$),440.0449152,447.109392,455.1924998,448.1626867,449.4330698,446.7772608
Nepal,NPL,Employment in agriculture (% of total employment),..,..,..,66.5,..,..
Netherlands,NLD,Agriculture value added per worker (constant 2010 US$),67332.02748,67969.94396,69115.5262,72255.36627,76674.15346,78140.89923
Netherlands,NLD,Employment in agriculture (% of total employment),2.599999905,2.400000095,2.400000095,1.799999952,2,..
New Caledonia,NCL,Agriculture value added per worker (constant 2010 US$),..,..,..,..,..,..
New Caledonia,NCL,Employment in agriculture (% of total employment),..,..,..,..,..,..
New Zealand,NZL,Agriculture value added per worker (constant 2010 US$),51888.42246,57943.85219,61203.06868,62069.5349,67141.83017,..
New Zealand,NZL,Employment in agriculture (% of total employment),6.800000191,6.900000095,6.800000191,6.400000095,..,..
Nicaragua,NIC,Agriculture value added per worker (constant 2010 US$),4234.381259,4498.451735,4364.087195,4464.455232,4657.149407,4876.886789
Nicaragua,NIC,Employment in agriculture (% of total employment),32.20000076,..,..,..,..,..
Niger,NER,Agriculture value added per worker (constant 2010 US$),551.9967909,518.3907287,576.3328798,554.7000922,584.8410376,584.321082
Niger,NER,Employment in agriculture (% of total employment),..,..,..,..,..,..
Nigeria,NGA,Agriculture value added per worker (constant 2010 US$),7077.536154,7277.973446,7755.792563,7969.940409,8292.085578,8578.829201
Nigeria,NGA,Employment in agriculture (% of total employment),..,..,..,..,..,..
North America,NAC,Agriculture value added per worker (constant 2010 US$),67517.28343,65976.52308,62685.09031,75408.55755,78230.33878,..
North America,NAC,Employment in agriculture (% of total employment),1.665333575,..,..,..,..,..
Northern Mariana Islands,MNP,Agriculture value added per worker (constant 2010 US$),..,..,..,..,..,..
Northern Mariana Islands,MNP,Employment in agriculture (% of total employment),..,..,..,..,..,..
Norway,NOR,Agriculture value added per worker (constant 2010 US$),76425.63419,80233.7282,86235.69158,84724.17528,93921.84365,98949.79558
Norway,NOR,Employment in agriculture (% of total employment),2.400000095,2.200000048,2.099999905,2.099999905,2.099999905,..
Not classified,INX,Agriculture value added per worker (constant 2010 US$),..,..,..,..,..,..
Not classified,INX,Employment in agriculture (% of total employment),..,..,..,..,..,..
OECD members,OED,Agriculture value added per worker (constant 2010 US$),20145.51778,20736.98688,20660.35577,22495.79658,23525.82507,17563.45809
OECD members,OED,Employment in agriculture (% of total employment),4.927297679,..,6.087848213,5.990032529,..,..
Oman,OMN,Agriculture value added per worker (constant 2010 US$),2549.255343,2512.467136,2570.087797,2709.34863,2817.647802,..
Oman,OMN,Employment in agriculture (% of total employment),5.199999809,..,..,..,..,..
Other small states,OSS,Agriculture value added per worker (constant 2010 US$),1948.904481,1930.152089,1919.957092,1893.002418,1785.629055,..
Other small states,OSS,Employment in agriculture (% of total employment),..,..,..,..,..,..
Pacific island small states,PSS,Agriculture value added per worker (constant 2010 US$),..,..,..,..,..,..
Pacific island small states,PSS,Employment in agriculture (% of total employment),..,..,..,..,..,..
Pakistan,PAK,Agriculture value added per worker (constant 2010 US$),1684.467205,1683.059239,1711.464241,1727.23767,1746.861477,1773.457251
Pakistan,PAK,Employment in agriculture (% of total employment),45,45.09999847,..,43.70000076,43.5,..
Palau,PLW,Agriculture value added per worker (constant 2010 US$),3783.674046,4203.55475,4233.401092,3845.004724,3641.179415,3474.944302
Palau,PLW,Employment in agriculture (% of total employment),..,..,..,..,..,..
Panama,PAN,Agriculture value added per worker (constant 2010 US$),4455.163306,4506.923387,4588.106132,4807.731915,5237.130604,5268.457346
Panama,PAN,Employment in agriculture (% of total employment),17.39999962,17,16.70000076,..,..,..
Papua New Guinea,PNG,Agriculture value added per worker (constant 2010 US$),..,..,..,..,..,..
Papua New Guinea,PNG,Employment in agriculture (% of total employment),..,..,..,..,..,..
Paraguay,PRY,Agriculture value added per worker (constant 2010 US$),4910.326478,5033.345669,3987.95241,5564.326504,5764.955814,5903.951756
Paraguay,PRY,Employment in agriculture (% of total employment),26.79999924,26.39999962,27.20000076,23.39999962,22.79999924,..
Peru,PER,Agriculture value added per worker (constant 2010 US$),2727.729257,2930.914711,2963.339716,3048.88516,3013.735702,..
Peru,PER,Employment in agriculture (% of total employment),..,..,..,..,..,..
Philippines,PHL,Agriculture value added per worker (constant 2010 US$),1833.651322,1871.666549,1914.421938,1925.304555,1946.348435,1941.330529
Philippines,PHL,Employment in agriculture (% of total employment),33.20000076,33,32.20000076,31,30.39999962,..
Poland,POL,Agriculture value added per worker (constant 2010 US$),4155.047994,4352.858213,4047.768682,4537.4959,4720.532941,4785.747725
Poland,POL,Employment in agriculture (% of total employment),12.60000038,12.39999962,12.19999981,11.69999981,11.19999981,..
Portugal,PRT,Agriculture value added per worker (constant 2010 US$),8907.305343,9123.608553,9194.643444,9612.938944,10000.68191,10803.98962
Portugal,PRT,Employment in agriculture (% of total employment),7.099999905,6.5,6.800000191,6.599999905,5.5,..
Post-demographic dividend,PST,Agriculture value added per worker (constant 2010 US$),34580.42908,35934.67745,35852.03552,39831.28423,43853.65559,35681.42332
Post-demographic dividend,PST,Employment in agriculture (% of total employment),3.145414957,..,4.659541389,4.592115437,..,..
Pre-demographic dividend,PRE,Agriculture value added per worker (constant 2010 US$),1263.800609,1275.791385,1317.677595,1329.827171,1353.860766,1354.80781
Pre-demographic dividend,PRE,Employment in agriculture (% of total employment),..,..,..,..,..,..
Puerto Rico,PRI,Agriculture value added per worker (constant 2010 US$),51375,51944.21523,57025.52314,56824.18315,..,..
Puerto Rico,PRI,Employment in agriculture (% of total employment),1.600000024,1.600000024,..,..,..,..
Qatar,QAT,Agriculture value added per worker (constant 2010 US$),18440.93407,19432.71539,20331.51722,21540.25072,26636.41281,28761.65851
Qatar,QAT,Employment in agriculture (% of total employment),..,1.399999976,1.399999976,1.399999976,..,..
Romania,ROM,Agriculture value added per worker (constant 2010 US$),10845.2775,13054.77209,10190.11869,14402.59567,15570.0494,14897.46874
Romania,ROM,Employment in agriculture (% of total employment),27.70000076,26,26.60000038,26.20000076,25.39999962,..
Russian Federation,RUS,Agriculture value added per worker (constant 2010 US$),8157.364986,9543.43709,9688.326106,10425.71175,10941.62814,11593.42748
Russian Federation,RUS,Employment in agriculture (% of total employment),7.900000095,7.699999809,7.300000191,7,6.699999809,..
Rwanda,RWA,Agriculture value added per worker (constant 2010 US$),425.5736364,432.9246326,447.7945684,449.9131561,460.690739,470.708949
Rwanda,RWA,Employment in agriculture (% of total employment),..,..,75.30000305,..,..,..
Samoa,WSM,Agriculture value added per worker (constant 2010 US$),3802.78415,3896.341475,3616.60247,3528.274114,4095.971447,4082.256411
Samoa,WSM,Employment in agriculture (% of total employment),..,37,5.400000095,..,..,..
San Marino,SMR,Agriculture value added per worker (constant 2010 US$),..,..,..,..,..,..
San Marino,SMR,Employment in agriculture (% of total employment),0.300000012,..,..,..,..,..
Sao Tome and Principe,STP,Agriculture value added per worker (constant 2010 US$),1404.381922,1376.00586,1335.316169,1348.339856,1332.4118,..
Sao Tome and Principe,STP,Employment in agriculture (% of total employment),..,..,26.10000038,..,..,..
Saudi Arabia,SAU,Agriculture value added per worker (constant 2010 US$),24369.19094,26060.1626,27627.80142,29471.71492,31466.04361,33367.97386
Saudi Arabia,SAU,Employment in agriculture (% of total employment),..,4.300000191,4.699999809,4.900000095,..,..
Senegal,SEN,Agriculture value added per worker (constant 2010 US$),524.8005847,434.7784648,460.082219,455.3076889,452.950802,520.1784908
Senegal,SEN,Employment in agriculture (% of total employment),..,46.09999847,..,..,..,..
Serbia,SRB,Agriculture value added per worker (constant 2010 US$),5452.821476,5756.491636,4989.51693,6336.691113,6790.342876,6588.796474
Serbia,SRB,Employment in agriculture (% of total employment),22.20000076,21.20000076,21,21.29999924,..,..
Seychelles,SYC,Agriculture value added per worker (constant 2010 US$),730.9691907,756.618142,749.2016033,917.0428474,865.6349134,..
Seychelles,SYC,Employment in agriculture (% of total employment),..,3.599999905,..,..,..,..
Sierra Leone,SLE,Agriculture value added per worker (constant 2010 US$),1029.318411,1065.996944,1093.165303,1128.825394,1124.020733,1144.110804
Sierra Leone,SLE,Employment in agriculture (% of total employment),..,..,..,..,..,..
Singapore,SGP,Agriculture value added per worker (constant 2010 US$),43417.6751,45067.84012,45617.89512,44554.45545,92629.26293,..
Singapore,SGP,Employment in agriculture (% of total employment),..,..,..,..,..,..
Sint Maarten (Dutch part),SXM,Agriculture value added per worker (constant 2010 US$),..,..,..,..,..,..
Sint Maarten (Dutch part),SXM,Employment in agriculture (% of total employment),..,..,..,..,..,..
Slovak Republic,SVK,Agriculture value added per worker (constant 2010 US$),11607.89323,14040.42137,14830.20995,17899.51051,21724.81409,22228.05816
Slovak Republic,SVK,Employment in agriculture (% of total employment),3.200000048,3.099999905,3.200000048,3.299999952,3.5,..
Slovenia,SVN,Agriculture value added per worker (constant 2010 US$),118448.439,147527.5938,135474.6137,155655.6291,171284.7682,219244.5033
Slovenia,SVN,Employment in agriculture (% of total employment),7,6.900000095,7,7.199999809,7.699999809,..
Small states,SST,Agriculture value added per worker (constant 2010 US$),2330.520571,2335.271323,2342.58788,2293.873841,2255.716356,..
Small states,SST,Employment in agriculture (% of total employment),..,..,..,..,..,..
Solomon Islands,SLB,Agriculture value added per worker (constant 2010 US$),..,..,..,..,..,..
Solomon Islands,SLB,Employment in agriculture (% of total employment),..,..,..,..,..,..
Somalia,SOM,Agriculture value added per worker (constant 2010 US$),..,..,..,..,..,..
Somalia,SOM,Employment in agriculture (% of total employment),..,..,..,..,..,..
South Africa,ZAF,Agriculture value added per worker (constant 2010 US$),7542.921659,7866.803653,8146.769215,8514.05849,9260.111647,8738.995727
South Africa,ZAF,Employment in agriculture (% of total employment),4.900000095,4.599999905,4.900000095,5.099999905,4.599999905,..
South Asia,SAS,Agriculture value added per worker (constant 2010 US$),1046.88913,1052.846787,1063.241594,1092.374453,1086.816014,..
South Asia,SAS,Employment in agriculture (% of total employment),49.84933125,..,46.8353008,49.23177893,..,..
South Asia (IDA & IBRD),TSA,Agriculture value added per worker (constant 2010 US$),1046.88913,1052.846787,1063.241594,1092.374453,1086.816014,..
South Asia (IDA & IBRD),TSA,Employment in agriculture (% of total employment),49.84933125,..,46.8353008,49.23177893,..,..
South Sudan,SSD,Agriculture value added per worker (constant 2010 US$),..,..,..,..,..,..
South Sudan,SSD,Employment in agriculture (% of total employment),..,..,..,..,..,..
Spain,ESP,Agriculture value added per worker (constant 2010 US$),32953.3814,35826.79572,33287.00881,40562.72851,40925.90865,43713.49674
Spain,ESP,Employment in agriculture (% of total employment),4.099999905,4.099999905,4.199999809,4.199999809,4.199999809,..
Sri Lanka,LKA,Agriculture value added per worker (constant 2010 US$),1196.505305,1248.074322,1295.718397,1338.43987,1405.770734,1487.039663
Sri Lanka,LKA,Employment in agriculture (% of total employment),32.70000076,33,31,31.5,30.39999962,..
St. Kitts and Nevis,KNA,Agriculture value added per worker (constant 2010 US$),1975.622222,2200.763947,1994.018124,2121.708446,2051.913076,2008.912777
St. Kitts and Nevis,KNA,Employment in agriculture (% of total employment),..,..,..,..,..,..
St. Lucia,LCA,Agriculture value added per worker (constant 2010 US$),1858.261438,1637.957585,1824.300951,1919.699532,1699.713633,1820.352001
St. Lucia,LCA,Employment in agriculture (% of total employment),..,..,..,..,..,..
St. Martin (French part),MAF,Agriculture value added per worker (constant 2010 US$),..,..,..,..,..,..
St. Martin (French part),MAF,Employment in agriculture (% of total employment),..,..,..,..,..,..
St. Vincent and the Grenadines,VCT,Agriculture value added per worker (constant 2010 US$),3764.589226,3758.51643,3796.272258,4018.177682,4134.074712,4335.089934
St. Vincent and the Grenadines,VCT,Employment in agriculture (% of total employment),..,..,..,..,..,..
Sub-Saharan Africa,SSF,Agriculture value added per worker (constant 2010 US$),1121.298717,1131.286059,1166.559818,1177.169854,1206.783187,1240.481004
Sub-Saharan Africa,SSF,Employment in agriculture (% of total employment),..,..,..,..,..,..
Sub-Saharan Africa (excluding high income),SSA,Agriculture value added per worker (constant 2010 US$),1121.360222,1131.343894,1166.622927,1177.208382,1206.832676,1240.481004
Sub-Saharan Africa (excluding high income),SSA,Employment in agriculture (% of total employment),..,..,..,..,..,..
Sub-Saharan Africa (IDA & IBRD countries),TSS,Agriculture value added per worker (constant 2010 US$),1121.298717,1131.286059,1166.559818,1177.169854,1206.783187,1240.481004
Sub-Saharan Africa (IDA & IBRD countries),TSS,Employment in agriculture (% of total employment),..,..,..,..,..,..
Sudan,SDN,Agriculture value added per worker (constant 2010 US$),2147.622715,2264.437315,2288.246483,2389.549982,2420.724788,2464.514692
Sudan,SDN,Employment in agriculture (% of total employment),..,44.59999847,..,..,..,..
Suriname,SUR,Agriculture value added per worker (constant 2010 US$),12836.89963,13390.10588,14747.97577,12824.32676,13729.57335,..
Suriname,SUR,Employment in agriculture (% of total employment),..,..,..,3.200000048,..,..
Swaziland,SWZ,Agriculture value added per worker (constant 2010 US$),1613.638217,1667.194072,1701.353681,1784.385712,1760.410199,1904.023383
Swaziland,SWZ,Employment in agriculture (% of total employment),..,..,..,..,..,..
Sweden,SWE,Agriculture value added per worker (constant 2010 US$),60650.59042,62223.13067,64561.95286,66021.37449,69906.95372,74210.01552
Sweden,SWE,Employment in agriculture (% of total employment),1.799999952,1.799999952,1.799999952,1.799999952,1.700000048,..
Switzerland,CHE,Agriculture value added per worker (constant 2010 US$),29790.9283,32315.94239,31607.37997,29902.55755,32681.67093,31994.4949
Switzerland,CHE,Employment in agriculture (% of total employment),3,3.099999905,3.099999905,3.200000048,3.200000048,..
Syrian Arab Republic,SYR,Agriculture value added per worker (constant 2010 US$),..,..,..,..,..,..
Syrian Arab Republic,SYR,Employment in agriculture (% of total employment),15.19999981,13.19999981,..,..,..,..
Tajikistan,TJK,Agriculture value added per worker (constant 2010 US$),1429.655544,1530.717022,1681.278598,1842.347612,..,..
Tajikistan,TJK,Employment in agriculture (% of total employment),..,..,..,..,..,..
Tanzania,TZA,Agriculture value added per worker (constant 2010 US$),556.5035926,560.8782779,563.6172429,565.6386184,568.1085965,570.049665
Tanzania,TZA,Employment in agriculture (% of total employment),..,..,..,..,66.90000153,..
Thailand,THA,Agriculture value added per worker (constant 2010 US$),1860.011234,1998.430513,2089.973773,2123.391186,2157.122968,..
Thailand,THA,Employment in agriculture (% of total employment),38.20000076,41,39.59999847,41.90000153,..,..
Timor-Leste,TMP,Agriculture value added per worker (constant 2010 US$),542.6136364,422.6519337,505.3475936,492.2279793,..,..
Timor-Leste,TMP,Employment in agriculture (% of total employment),50.59999847,..,..,..,..,..
Togo,TGO,Agriculture value added per worker (constant 2010 US$),764.4740793,790.9926972,858.3132979,845.4304659,952.5495389,961.1847242
Togo,TGO,Employment in agriculture (% of total employment),..,..,..,..,..,..
Tonga,TON,Agriculture value added per worker (constant 2010 US$),5576.256797,5687.313243,5715.227023,..,..,..
Tonga,TON,Employment in agriculture (% of total employment),..,..,..,..,..,..
Trinidad and Tobago,TTO,Agriculture value added per worker (constant 2010 US$),2452.206502,2513.192558,2244.477698,2242.235463,2359.124726,2521.341633
Trinidad and Tobago,TTO,Employment in agriculture (% of total employment),..,..,..,..,..,..
Tunisia,TUN,Agriculture value added per worker (constant 2010 US$),4123.053745,4530.714626,4788.91986,4593.575156,4728.717952,..
Tunisia,TUN,Employment in agriculture (% of total employment),17.60000038,16.20000076,15.89999962,15.5,14.80000019,..
Turkey,TUR,Agriculture value added per worker (constant 2010 US$),7649.258511,8219.314893,8591.510039,9016.357622,8960.760666,9792.489964
Turkey,TUR,Employment in agriculture (% of total employment),22.39999962,22.79999924,22.20000076,21.60000038,19.70000076,..
Turkmenistan,TKM,Agriculture value added per worker (constant 2010 US$),4506.080627,..,..,..,..,..
Turkmenistan,TKM,Employment in agriculture (% of total employment),..,..,..,..,..,..
Turks and Caicos Islands,TCA,Agriculture value added per worker (constant 2010 US$),..,..,..,..,..,..
Turks and Caicos Islands,TCA,Employment in agriculture (% of total employment),..,..,..,..,..,..
Tuvalu,TUV,Agriculture value added per worker (constant 2010 US$),8512.199596,8542.403828,8004.121278,7712.218958,..,..
Tuvalu,TUV,Employment in agriculture (% of total employment),..,..,..,..,..,..
Uganda,UGA,Agriculture value added per worker (constant 2010 US$),480.154773,481.0360562,473.5496895,469.5085688,471.2716347,472.9565454
Uganda,UGA,Employment in agriculture (% of total employment),..,..,..,71.90000153,..,..
Ukraine,UKR,Agriculture value added per worker (constant 2010 US$),4125.404782,5098.873044,5048.331824,5948.014517,6341.695016,6270.240353
Ukraine,UKR,Employment in agriculture (% of total employment),..,20.20000076,19.70000076,20,14.80000019,..
United Arab Emirates,ARE,Agriculture value added per worker (constant 2010 US$),16543.70504,16570.72988,16091.28923,16626.95061,17292.13171,..
United Arab Emirates,ARE,Employment in agriculture (% of total employment),..,..,..,..,..,..
United Kingdom,GBR,Agriculture value added per worker (constant 2010 US$),33550.19192,37698.5443,35405.26128,36121.48545,41603.33512,42349.72014
United Kingdom,GBR,Employment in agriculture (% of total employment),1.100000024,1.100000024,1,0.899999976,1.100000024,..
United States,USA,Agriculture value added per worker (constant 2010 US$),67897.96732,65633.05919,61633.82356,74464.74496,78223.94116,..
United States,USA,Employment in agriculture (% of total employment),1.600000024,..,..,..,..,..
Upper middle income,UMC,Agriculture value added per worker (constant 2010 US$),1805.994805,1903.093256,1962.980331,2064.519181,2105.627221,2130.556277
Upper middle income,UMC,Employment in agriculture (% of total employment),7.275154429,7.595137967,..,..,..,..
Uruguay,URY,Agriculture value added per worker (constant 2010 US$),15598.54203,17756.29124,17713.00327,18064.0345,18211.43611,18470.65523
Uruguay,URY,Employment in agriculture (% of total employment),11.60000038,10.69999981,..,9.300000191,..,..
Uzbekistan,UZB,Agriculture value added per worker (constant 2010 US$),2560.726796,2739.863651,2949.163052,3174.590951,3425.859885,3696.726299
Uzbekistan,UZB,Employment in agriculture (% of total employment),..,..,..,..,..,..
Vanuatu,VUT,Agriculture value added per worker (constant 2010 US$),3822.214324,3950.125908,4037.819551,4125.040496,4298.903737,..
Vanuatu,VUT,Employment in agriculture (% of total employment),..,..,..,..,..,..
"Venezuela, RB",VEN,Agriculture value added per worker (constant 2010 US$),29318.38319,29569.66507,30673.58459,30727.06701,..,..
"Venezuela, RB",VEN,Employment in agriculture (% of total employment),8.699999809,7.900000095,7.699999809,7.400000095,..,..
Vietnam,VNM,Agriculture value added per worker (constant 2010 US$),719.0609209,741.9457902,756.6726546,770.3121203,791.2962441,805.7282196
Vietnam,VNM,Employment in agriculture (% of total employment),..,..,47.40000153,46.79999924,..,..
Virgin Islands (U.S.),VIR,Agriculture value added per worker (constant 2010 US$),..,..,..,..,..,..
Virgin Islands (U.S.),VIR,Employment in agriculture (% of total employment),..,..,..,..,..,..
West Bank and Gaza,WBG,Agriculture value added per worker (constant 2010 US$),4524.545455,5377.440671,4852.603536,4231.20589,3911.622418,3801.85445
West Bank and Gaza,WBG,Employment in agriculture (% of total employment),11.80000019,11.89999962,11.5,10.5,..,..
World,WLD,Agriculture value added per worker (constant 2010 US$),1962.694552,2014.76498,2031.740188,2124.651811,2160.627358,2206.338266
World,WLD,Employment in agriculture (% of total employment),19.80827792,..,..,..,..,..
"Yemen, Rep.",YEM,Agriculture value added per worker (constant 2010 US$),..,..,..,..,..,..
"Yemen, Rep.",YEM,Employment in agriculture (% of total employment),24.70000076,..,..,..,..,..
Zambia,ZMB,Agriculture value added per worker (constant 2010 US$),622.5658733,649.0679491,653.124537,609.130992,639.3961552,573.5881101
Zambia,ZMB,Employment in agriculture (% of total employment),..,..,52.20000076,..,..,..
Zimbabwe,ZWE,Agriculture value added per worker (constant 2010 US$),371.1310455,371.93342,394.3165586,376.5194785,453.7502277,422.1793932
Zimbabwe,ZWE,Employment in agriculture (% of total employment),..,65.80000305,..,..,..,..
,,,,,,,,
,,,,,,,,
,,,,,,,,
Data from database: World Development Indicators,,,,,,,,
Last Updated: 08/10/2016,,,,,,,,
